subject_id	subject_label	predicate_id	object_id	object_label	mapping_justification	confidence	similarity_score	similarity_measure	mapping_tool	comment
http://data.europa.eu/8mn/euroscivoc/00a5c4f4-b7ee-41a4-bcdf-3a02e6be1660	clinical neurology	skos:closeMatch	https://tamar.dsd.sztaki.hu/taxonomies/asjc/2728	Neurology (clinical)	semapv:SemanticSimilarityThresholdMatching	0.980	0.8394	cosine	tamar-pairwise	Clinical neurology equivalence
http://data.europa.eu/8mn/euroscivoc/00ec24cf-bc96-4a3f-9cf9-c0715e98354c	business intelligence	skos:broadMatch	https://tamar.dsd.sztaki.hu/taxonomies/asjc/1802	Information Systems and Management	semapv:SemanticSimilarityThresholdMatching	0.780	0.6696	cosine	tamar-pairwise	Target broader than BI
http://data.europa.eu/8mn/euroscivoc/01fc32f3-a4fb-4c1b-8340-888f2fca1a90	pathology	skos:broadMatch	https://tamar.dsd.sztaki.hu/taxonomies/asjc/2734	Pathology and Forensic Medicine	semapv:SemanticSimilarityThresholdMatching	0.950	0.7922	cosine	tamar-pairwise	Target heading covers both
http://data.europa.eu/8mn/euroscivoc/021bf00b-fbb1-487a-b79c-feacbb17b814	neurobiology	skos:closeMatch	https://tamar.dsd.sztaki.hu/taxonomies/asjc/2800	General Neuroscience	semapv:SemanticSimilarityThresholdMatching	0.910	0.6968	cosine	tamar-pairwise	Equivalent broad neuroscience field
http://data.europa.eu/8mn/euroscivoc/03b527bb-d9bd-4191-a424-775f6af730f0	chemical process engineering	skos:closeMatch	https://tamar.dsd.sztaki.hu/taxonomies/asjc/1508	Process Chemistry and Technology	semapv:SemanticSimilarityThresholdMatching	0.870	0.7657	cosine	tamar-pairwise	Process engineering and technology
http://data.europa.eu/8mn/euroscivoc/03ba2800-ce81-400c-b0b4-c9d84c9f9976	object detection	skos:broadMatch	https://tamar.dsd.sztaki.hu/taxonomies/asjc/1707	Computer Vision and Pattern Recognition	semapv:SemanticSimilarityThresholdMatching	0.910	0.7269	cosine	tamar-pairwise	Target covers object detection
http://data.europa.eu/8mn/euroscivoc/0432df49-4127-42da-9eae-d07d8061f62d	energy and fuels	skos:broadMatch	https://tamar.dsd.sztaki.hu/taxonomies/asjc/2100	General Energy	semapv:SemanticSimilarityThresholdMatching	0.880	0.7100	cosine	tamar-pairwise	Target heading covers both
http://data.europa.eu/8mn/euroscivoc/052bc92d-760c-43ab-958e-2330c72a4212	economics and business	skos:broadMatch	https://tamar.dsd.sztaki.hu/taxonomies/asjc/sa:social-sciences-humanities	Social Sciences & Humanities	semapv:SemanticSimilarityThresholdMatching	0.920	0.7561	cosine	tamar-pairwise	Target heading covers both
http://data.europa.eu/8mn/euroscivoc/0adb1597-9fb5-43ec-81ba-09af6670352d	biodiversity conservation	skos:broadMatch	https://tamar.dsd.sztaki.hu/taxonomies/asjc/2309	Nature and Landscape Conservation	semapv:SemanticSimilarityThresholdMatching	0.850	0.7186	cosine	tamar-pairwise	Target covers more
http://data.europa.eu/8mn/euroscivoc/0bccc6b0-7563-4056-aff7-5436488dc37e	water engineering	skos:broadMatch	https://tamar.dsd.sztaki.hu/taxonomies/asjc/2205	Civil and Structural Engineering	semapv:SemanticSimilarityThresholdMatching	0.940	0.6747	cosine	tamar-pairwise	Target covers more fields
http://data.europa.eu/8mn/euroscivoc/0cd8fe36-dfc3-43cd-882a-5dade629fe25	computer hardware	skos:closeMatch	https://tamar.dsd.sztaki.hu/taxonomies/asjc/1708	Hardware and Architecture	semapv:SemanticSimilarityThresholdMatching	0.840	0.6513	cosine	tamar-pairwise	Hardware and architecture overlap
http://data.europa.eu/8mn/euroscivoc/0d3c1001-9a67-4245-bc15-2aef8b239df1	nuclear engineering	skos:closeMatch	https://tamar.dsd.sztaki.hu/taxonomies/asjc/2104	Nuclear Energy and Engineering	semapv:SemanticSimilarityThresholdMatching	0.880	0.7189	cosine	tamar-pairwise	Nuclear engineering and energy
http://data.europa.eu/8mn/euroscivoc/0d45044a-74d5-4bd7-b920-b92af3388576	internal medicine	skos:exactMatch	https://tamar.dsd.sztaki.hu/taxonomies/asjc/2724	Internal Medicine	semapv:LexicalMatching	0.990	0.8400	cosine	tamar-pairwise	Exact medical specialty
http://data.europa.eu/8mn/euroscivoc/0e362272-f233-4787-bfb1-1917f4c7c43a	biochemical engineering	skos:broadMatch	https://tamar.dsd.sztaki.hu/taxonomies/asjc/1502	Bioengineering	semapv:SemanticSimilarityThresholdMatching	0.900	0.8662	cosine	tamar-pairwise	Target heading covers both
http://data.europa.eu/8mn/euroscivoc/10352c4c-328e-4dac-a89c-44b6be1420e9	chemical engineering	skos:closeMatch	https://tamar.dsd.sztaki.hu/taxonomies/asjc/1500	General Chemical Engineering	semapv:SemanticSimilarityThresholdMatching	0.880	0.7321	cosine	tamar-pairwise	Equivalent chemical engineering scope
http://data.europa.eu/8mn/euroscivoc/12c980a5-034f-4cd5-8ce7-fcfe109c675c	social sciences	skos:closeMatch	https://tamar.dsd.sztaki.hu/taxonomies/asjc/3300	General Social Sciences	semapv:SemanticSimilarityThresholdMatching	0.900	0.7377	cosine	tamar-pairwise	Equivalent social sciences umbrella
http://data.europa.eu/8mn/euroscivoc/134581fe-5bce-4d8a-9279-bbb69c824ea3	clinical microbiology	skos:closeMatch	https://tamar.dsd.sztaki.hu/taxonomies/asjc/2726	Microbiology (medical)	semapv:SemanticSimilarityThresholdMatching	0.970	0.8290	cosine	tamar-pairwise	Exact medical microbiology
http://data.europa.eu/8mn/euroscivoc/143d188d-70b4-456a-acde-7ecff3584dc7	urban drainage	skos:broadMatch	https://tamar.dsd.sztaki.hu/taxonomies/asjc/2305	Environmental Engineering	semapv:SemanticSimilarityThresholdMatching	0.850	0.6533	cosine	tamar-pairwise	Target covers urban drainage
http://data.europa.eu/8mn/euroscivoc/14443ed3-6210-4ab1-bf33-af9ae80aa4ee	complex analysis	skos:broadMatch	https://tamar.dsd.sztaki.hu/taxonomies/asjc/2603	Analysis	semapv:SemanticSimilarityThresholdMatching	0.860	0.7325	cosine	tamar-pairwise	Analysis encompasses complex analysis
http://data.europa.eu/8mn/euroscivoc/1583cad3-15fd-4040-ac6a-0a0e51923e8a	electric power transmission	skos:broadMatch	https://tamar.dsd.sztaki.hu/taxonomies/asjc/2102	Energy Engineering and Power Technology	semapv:SemanticSimilarityThresholdMatching	0.850	0.7186	cosine	tamar-pairwise	Target heading covers both
http://data.europa.eu/8mn/euroscivoc/15dd89d5-ee26-45b6-93b3-3d9b8fe7401a	geochronology	skos:broadMatch	https://tamar.dsd.sztaki.hu/taxonomies/asjc/1913	Stratigraphy	semapv:SemanticSimilarityThresholdMatching	0.780	0.7094	cosine	tamar-pairwise	Stratigraphy broader than geochronology
http://data.europa.eu/8mn/euroscivoc/1771166d-eb6d-47fc-8d0b-ecfd001efbbc	organic geochemistry	skos:broadMatch	https://tamar.dsd.sztaki.hu/taxonomies/asjc/1906	Geochemistry and Petrology	semapv:SemanticSimilarityThresholdMatching	0.900	0.6624	cosine	tamar-pairwise	Target heading covers both
http://data.europa.eu/8mn/euroscivoc/17b7bbad-4972-4fe7-aa3c-cbd21809f0bb	electric energy	skos:broadMatch	https://tamar.dsd.sztaki.hu/taxonomies/asjc/2102	Energy Engineering and Power Technology	semapv:SemanticSimilarityThresholdMatching	0.780	0.7624	cosine	tamar-pairwise	Target heading covers both
http://data.europa.eu/8mn/euroscivoc/192cfa59-26ab-465e-9338-2b957e3d79ba	history	skos:exactMatch	https://tamar.dsd.sztaki.hu/taxonomies/asjc/1202	History	semapv:LexicalMatching	0.920			tamar-pairwise	Same historical discipline
http://data.europa.eu/8mn/euroscivoc/195984de-c722-4aa8-b43f-0a3365cecae6	water treatment processes	skos:broadMatch	https://tamar.dsd.sztaki.hu/taxonomies/asjc/2312	Water Science and Technology	semapv:SemanticSimilarityThresholdMatching	0.880	0.6777	cosine	tamar-pairwise	Target covers broader water
http://data.europa.eu/8mn/euroscivoc/1ad04442-4f97-4a5e-aba8-4fc2889faeca	languages and literature	skos:narrowMatch	https://tamar.dsd.sztaki.hu/taxonomies/asjc/1203	Language and Linguistics	semapv:SemanticSimilarityThresholdMatching	0.850	0.6826	cosine	tamar-pairwise	Source includes literature
http://data.europa.eu/8mn/euroscivoc/1d567f6c-e6c1-4742-8d45-dad617ef0dfd	control systems	skos:closeMatch	https://tamar.dsd.sztaki.hu/taxonomies/asjc/2207	Control and Systems Engineering	semapv:SemanticSimilarityThresholdMatching	0.820	0.7398	cosine	tamar-pairwise	Overlapping engineering disciplines
http://data.europa.eu/8mn/euroscivoc/1d61ac8a-6360-432d-9729-f180ba76f24b	molecular biology	skos:exactMatch	https://tamar.dsd.sztaki.hu/taxonomies/asjc/1312	Molecular Biology	semapv:LexicalMatching	0.990	0.6997	cosine	tamar-pairwise	Same molecular biology discipline
http://data.europa.eu/8mn/euroscivoc/1e8240f2-c719-422e-aaa7-dc53a545df81	orthodontics	skos:exactMatch	https://tamar.dsd.sztaki.hu/taxonomies/asjc/3505	Orthodontics	semapv:LexicalMatching	0.990	0.7794	cosine	tamar-pairwise	Exact dental specialty
http://data.europa.eu/8mn/euroscivoc/1f6c74df-a512-462e-99aa-8dcbaa98972a	databases	skos:broadMatch	https://tamar.dsd.sztaki.hu/taxonomies/asjc/1710	Information Systems	semapv:SemanticSimilarityThresholdMatching	0.750	0.6747	cosine	tamar-pairwise	Target covers more topics
http://data.europa.eu/8mn/euroscivoc/20e77e46-571d-42a4-b3f1-8eb284bc4034	philosophy	skos:exactMatch	https://tamar.dsd.sztaki.hu/taxonomies/asjc/1211	Philosophy	semapv:LexicalMatching	0.980	0.7092	cosine	tamar-pairwise	Same philosophical field
http://data.europa.eu/8mn/euroscivoc/223ea72b-9148-477b-84e1-513ec9d93c49	landscape ecology	skos:broadMatch	https://tamar.dsd.sztaki.hu/taxonomies/asjc/2309	Nature and Landscape Conservation	semapv:SemanticSimilarityThresholdMatching	0.700	0.6518	cosine	tamar-pairwise	Target covers more topics
http://data.europa.eu/8mn/euroscivoc/22429439-1f3e-4436-95f6-d8a51d2841f5	metamorphic petrology	skos:broadMatch	https://tamar.dsd.sztaki.hu/taxonomies/asjc/1906	Geochemistry and Petrology	semapv:SemanticSimilarityThresholdMatching	0.950	0.6902	cosine	tamar-pairwise	Target heading covers source
http://data.europa.eu/8mn/euroscivoc/22d7f866-475e-4665-b173-d6e7b4a1260f	fetal medicine	skos:broadMatch	https://tamar.dsd.sztaki.hu/taxonomies/asjc/2735	Pediatrics, Perinatology and Child Health	semapv:SemanticSimilarityThresholdMatching	0.860	0.6510	cosine	tamar-pairwise	Target includes broader child health
http://data.europa.eu/8mn/euroscivoc/22ea0d5d-4358-4568-8c42-c728869ba3b9	renewable energy	skos:broadMatch	https://tamar.dsd.sztaki.hu/taxonomies/asjc/2105	Renewable Energy, Sustainability and the Environment	semapv:SemanticSimilarityThresholdMatching	0.930	0.7044	cosine	tamar-pairwise	Target covers more topics
http://data.europa.eu/8mn/euroscivoc/24811189-bac9-436c-b2ee-5c59ed383169	toxicology	skos:exactMatch	https://tamar.dsd.sztaki.hu/taxonomies/asjc/3005	Toxicology	semapv:LexicalMatching	0.990	0.8741	cosine	tamar-pairwise	Identical toxicology concept
http://data.europa.eu/8mn/euroscivoc/2660be39-041b-4cee-9bfc-32b28b884bd7	atmospheric sciences	skos:exactMatch	https://tamar.dsd.sztaki.hu/taxonomies/asjc/1902	Atmospheric Science	semapv:LexicalMatching	0.980	0.7332	cosine	tamar-pairwise	Same atmospheric science field
http://data.europa.eu/8mn/euroscivoc/26770c2b-64ce-4611-896f-cdefb4893317	civil engineering	skos:broadMatch	https://tamar.dsd.sztaki.hu/taxonomies/asjc/2200	General Engineering	semapv:SemanticSimilarityThresholdMatching	0.960	0.6792	cosine	tamar-pairwise	Target broader than source
http://data.europa.eu/8mn/euroscivoc/2777834c-929f-4b5c-ab4b-f516e308f659	geomorphology	skos:closeMatch	https://tamar.dsd.sztaki.hu/taxonomies/asjc/1904	Earth-Surface Processes	semapv:SemanticSimilarityThresholdMatching	0.860	0.6648	cosine	tamar-pairwise	Geomorphology and surface processes
http://data.europa.eu/8mn/euroscivoc/27c456a1-051a-42f6-b52a-3beff0487da7	hepatology	skos:exactMatch	https://tamar.dsd.sztaki.hu/taxonomies/asjc/2721	Hepatology	semapv:LexicalMatching	0.990	0.7575	cosine	tamar-pairwise	Identical medical specialty
http://data.europa.eu/8mn/euroscivoc/28391a47-6709-4ab7-9add-43f8c6b7d698	cognitive neuroscience	skos:exactMatch	https://tamar.dsd.sztaki.hu/taxonomies/asjc/2805	Cognitive Neuroscience	semapv:LexicalMatching	0.990			tamar-pairwise	Identical established discipline
http://data.europa.eu/8mn/euroscivoc/284ca20c-beb4-4abe-99fa-ef4513358bad	obstetrics	skos:broadMatch	https://tamar.dsd.sztaki.hu/taxonomies/asjc/2729	Obstetrics and Gynecology	semapv:SemanticSimilarityThresholdMatching	0.940	0.6785	cosine	tamar-pairwise	Target includes gynecology
http://data.europa.eu/8mn/euroscivoc/2ba1c7ad-2532-4cd7-8c5c-60f090a8700a	mathematical physics	skos:exactMatch	https://tamar.dsd.sztaki.hu/taxonomies/asjc/2610	Mathematical Physics	semapv:LexicalMatching	0.980	0.7147	cosine	tamar-pairwise	Same mathematical physics concept
http://data.europa.eu/8mn/euroscivoc/2d07f15f-2b3a-45d7-a246-411d3a061f15	organic chemistry	skos:exactMatch	https://tamar.dsd.sztaki.hu/taxonomies/asjc/1605	Organic Chemistry	semapv:LexicalMatching	0.990	0.6786	cosine	tamar-pairwise	Same chemistry discipline
http://data.europa.eu/8mn/euroscivoc/2dbfd0d0-fc0e-4426-986e-ad00a7ea7810	library sciences	skos:closeMatch	https://tamar.dsd.sztaki.hu/taxonomies/asjc/3309	Library and Information Sciences	semapv:SemanticSimilarityThresholdMatching	0.910	0.7027	cosine	tamar-pairwise	Library sciences field overlap
http://data.europa.eu/8mn/euroscivoc/2e05d5b1-76b2-48c9-90a5-6844940b91ae	mathematical model	skos:broadMatch	https://tamar.dsd.sztaki.hu/taxonomies/asjc/2611	Modeling and Simulation	semapv:SemanticSimilarityThresholdMatching	0.860	0.7886	cosine	tamar-pairwise	Target covers more fields
http://data.europa.eu/8mn/euroscivoc/2ecb7a30-7d1b-47b0-98b6-979ff4f8d90d	nuclear energy	skos:broadMatch	https://tamar.dsd.sztaki.hu/taxonomies/asjc/2104	Nuclear Energy and Engineering	semapv:SemanticSimilarityThresholdMatching	0.860	0.8284	cosine	tamar-pairwise	Target includes engineering
http://data.europa.eu/8mn/euroscivoc/2fba9c5c-193c-47ec-81f5-518020bff496	ceramics	skos:broadMatch	https://tamar.dsd.sztaki.hu/taxonomies/asjc/2503	Ceramics and Composites	semapv:SemanticSimilarityThresholdMatching	0.920	0.7681	cosine	tamar-pairwise	Target heading covers both
http://data.europa.eu/8mn/euroscivoc/31e98cd3-2946-46d9-bc91-34b3e4b0728a	electric power generation	skos:broadMatch	https://tamar.dsd.sztaki.hu/taxonomies/asjc/2102	Energy Engineering and Power Technology	semapv:SemanticSimilarityThresholdMatching	0.880	0.7206	cosine	tamar-pairwise	Target heading covers generation
http://data.europa.eu/8mn/euroscivoc/325a846e-9c47-4aca-9358-5c8facd2e812	electrical engineering, electronic engineering, information engineering	skos:closeMatch	https://tamar.dsd.sztaki.hu/taxonomies/asjc/2208	Electrical and Electronic Engineering	semapv:SemanticSimilarityThresholdMatching	0.940	0.8235	cosine	tamar-pairwise	Electrical and electronic engineering
http://data.europa.eu/8mn/euroscivoc/33efa520-dc3d-4898-905e-1c0016d1d6eb	geometry	skos:broadMatch	https://tamar.dsd.sztaki.hu/taxonomies/asjc/2608	Geometry and Topology	semapv:SemanticSimilarityThresholdMatching	0.950	0.7542	cosine	tamar-pairwise	Target heading covers both
http://data.europa.eu/8mn/euroscivoc/34b9c059-9e6c-4ec1-8a96-845c95c1a978	health sciences	skos:exactMatch	https://tamar.dsd.sztaki.hu/taxonomies/asjc/sa:health-sciences	Health Sciences	semapv:LexicalMatching	0.980	0.6600	cosine	tamar-pairwise	Same concept and label
http://data.europa.eu/8mn/euroscivoc/36734fd7-bed0-4ac6-9445-a35869e83091	ecology	skos:exactMatch	https://tamar.dsd.sztaki.hu/taxonomies/asjc/2303	Ecology	semapv:LexicalMatching	0.970	0.7142	cosine	tamar-pairwise	Exact ecological discipline match
http://data.europa.eu/8mn/euroscivoc/37412f1c-d90a-43cf-86fb-d29e9fc29c6f	business and management	skos:narrowMatch	https://tamar.dsd.sztaki.hu/taxonomies/asjc/1403	Business and International Management	semapv:SemanticSimilarityThresholdMatching	0.860	0.7535	cosine	tamar-pairwise	Target narrower than source
http://data.europa.eu/8mn/euroscivoc/38089427-13ee-4c1a-a7cf-4cd6c4802e33	anatomy and morphology	skos:narrowMatch	https://tamar.dsd.sztaki.hu/taxonomies/asjc/2702	Anatomy	semapv:LexicalMatching	0.820	0.7049	cosine	tamar-pairwise	Target lacks morphology
http://data.europa.eu/8mn/euroscivoc/380ec7da-dd0e-49e8-9914-ca5c72a5c2de	electronic engineering	skos:broadMatch	https://tamar.dsd.sztaki.hu/taxonomies/asjc/2200	General Engineering	semapv:SemanticSimilarityThresholdMatching	0.760	0.6675	cosine	tamar-pairwise	Target heading covers both
http://data.europa.eu/8mn/euroscivoc/38e57437-b2cc-4d26-a46e-c5b639c01e5f	physiotherapy	skos:broadMatch	https://tamar.dsd.sztaki.hu/taxonomies/asjc/3612	Physical Therapy, Sports Therapy and Rehabilitation	semapv:SemanticSimilarityThresholdMatching	0.900	0.7318	cosine	tamar-pairwise	Target includes physiotherapy plus others
http://data.europa.eu/8mn/euroscivoc/38ee72d6-1158-4d1f-a6c8-e60f7b913c33	architecture engineering	skos:broadMatch	https://tamar.dsd.sztaki.hu/taxonomies/asjc/2216	Architecture	semapv:SemanticSimilarityThresholdMatching	0.880	0.7790	cosine	tamar-pairwise	Target heading covers source
http://data.europa.eu/8mn/euroscivoc/3961e9d2-ab3b-451b-b246-20fc0ec3b0c4	nephrology	skos:exactMatch	https://tamar.dsd.sztaki.hu/taxonomies/asjc/2727	Nephrology	semapv:LexicalMatching	0.990	0.7035	cosine	tamar-pairwise	Same medical specialty
http://data.europa.eu/8mn/euroscivoc/3d1728d6-e584-452b-9784-69afcbde53cf	periodontics	skos:exactMatch	https://tamar.dsd.sztaki.hu/taxonomies/asjc/3506	Periodontics	semapv:LexicalMatching	0.990	0.7199	cosine	tamar-pairwise	Same dental specialty
http://data.europa.eu/8mn/euroscivoc/3d2eea7a-35ae-44ec-81df-83e3238de646	virology	skos:exactMatch	https://tamar.dsd.sztaki.hu/taxonomies/asjc/2406	Virology	semapv:LexicalMatching	0.980	0.7461	cosine	tamar-pairwise	Identical virology discipline
http://data.europa.eu/8mn/euroscivoc/3d76a7f4-5a16-411e-ae44-7b712d5222ee	natural sciences	skos:narrowMatch	https://tamar.dsd.sztaki.hu/taxonomies/asjc/sa:physical-sciences	Physical Sciences	semapv:SemanticSimilarityThresholdMatching	0.850	0.7080	cosine	tamar-pairwise	Target subset of source
http://data.europa.eu/8mn/euroscivoc/3de50dee-da1c-4791-a386-56bca24a5fed	psychiatry	skos:closeMatch	https://tamar.dsd.sztaki.hu/taxonomies/asjc/2738	Psychiatry and Mental Health	semapv:SemanticSimilarityThresholdMatching	0.930	0.6704	cosine	tamar-pairwise	Psychiatry and mental health
http://data.europa.eu/8mn/euroscivoc/3e3b69cb-7cab-41d8-bd6c-6945f9c982ad	manufacturing engineering	skos:broadMatch	https://tamar.dsd.sztaki.hu/taxonomies/asjc/2209	Industrial and Manufacturing Engineering	semapv:SemanticSimilarityThresholdMatching	0.860	0.6950	cosine	tamar-pairwise	Target covers industrial aspects
http://data.europa.eu/8mn/euroscivoc/3eaeff93-c40a-4806-b3a3-74e6c69cc9ef	general language studies	skos:closeMatch	https://tamar.dsd.sztaki.hu/taxonomies/asjc/1203	Language and Linguistics	semapv:SemanticSimilarityThresholdMatching	0.860	0.6603	cosine	tamar-pairwise	Equivalent language study domains
http://data.europa.eu/8mn/euroscivoc/40c73d84-142b-42bd-b0e5-6f9a9b3f6a91	solid mechanics	skos:closeMatch	https://tamar.dsd.sztaki.hu/taxonomies/asjc/2211	Mechanics of Materials	semapv:SemanticSimilarityThresholdMatching	0.880	0.7059	cosine	tamar-pairwise	Same field
http://data.europa.eu/8mn/euroscivoc/41d8a14d-6def-402e-b6e5-09d1cd8d3fc4	astronomy	skos:closeMatch	https://tamar.dsd.sztaki.hu/taxonomies/asjc/3103	Astronomy and Astrophysics	semapv:SemanticSimilarityThresholdMatching	0.850	0.7124	cosine	tamar-pairwise	Same scope diff label
http://data.europa.eu/8mn/euroscivoc/432746d6-998b-431f-b22f-d3abe0e8aada	surgery	skos:exactMatch	https://tamar.dsd.sztaki.hu/taxonomies/asjc/2746	Surgery	semapv:LexicalMatching	0.980	0.7715	cosine	tamar-pairwise	Same surgical medicine field
http://data.europa.eu/8mn/euroscivoc/437c1f4d-96f4-4721-9194-455037fa37fa	leukemia	skos:broadMatch	https://tamar.dsd.sztaki.hu/taxonomies/asjc/2720	Hematology	semapv:SemanticSimilarityThresholdMatching	0.900	0.6536	cosine	tamar-pairwise	Hematology covers leukemia
http://data.europa.eu/8mn/euroscivoc/4572e164-3bd5-4af2-837b-6b617fc3a7b1	psychoanalysis	skos:broadMatch	https://tamar.dsd.sztaki.hu/taxonomies/asjc/3203	Clinical Psychology	semapv:SemanticSimilarityThresholdMatching	0.850	0.6749	cosine	tamar-pairwise	Target covers psychoanalysis
http://data.europa.eu/8mn/euroscivoc/4596682b-a138-4bb2-9414-6c9f9056401b	environmental governance	skos:broadMatch	https://tamar.dsd.sztaki.hu/taxonomies/asjc/2308	Management, Monitoring, Policy and Law	semapv:SemanticSimilarityThresholdMatching	0.780	0.6783	cosine	tamar-pairwise	Target covers more areas
http://data.europa.eu/8mn/euroscivoc/45e374e6-da15-44da-9995-9ddd9b01fea9	inorganic chemistry	skos:exactMatch	https://tamar.dsd.sztaki.hu/taxonomies/asjc/1604	Inorganic Chemistry	semapv:LexicalMatching	0.990	0.6774	cosine	tamar-pairwise	Identical chemistry discipline
http://data.europa.eu/8mn/euroscivoc/45ebd79f-52a5-4dd9-bd75-da51a7f904d2	fourier analysis	skos:broadMatch	https://tamar.dsd.sztaki.hu/taxonomies/asjc/2603	Analysis	semapv:SemanticSimilarityThresholdMatching	0.920	0.6795	cosine	tamar-pairwise	Target heading covers both
http://data.europa.eu/8mn/euroscivoc/46bb355e-acf6-4eb1-8c29-18efb51f0ec0	literature studies	skos:closeMatch	https://tamar.dsd.sztaki.hu/taxonomies/asjc/1208	Literature and Literary Theory	semapv:SemanticSimilarityThresholdMatching	0.910	0.6802	cosine	tamar-pairwise	Equivalent literature field
http://data.europa.eu/8mn/euroscivoc/4825264c-ff40-46ee-b7a9-dc5093003929	parasitology	skos:exactMatch	https://tamar.dsd.sztaki.hu/taxonomies/asjc/2405	Parasitology	semapv:LexicalMatching	0.990	0.8340	cosine	tamar-pairwise	Identical discipline concept
http://data.europa.eu/8mn/euroscivoc/4940967c-1739-49c6-8474-6bb8ad7ff588	nuclear chemistry	skos:broadMatch	https://tamar.dsd.sztaki.hu/taxonomies/asjc/1606	Physical and Theoretical Chemistry	semapv:SemanticSimilarityThresholdMatching	0.680	0.6506	cosine	tamar-pairwise	Target covers more fields
http://data.europa.eu/8mn/euroscivoc/495b214f-06c8-45b9-a5d2-64e2df5dc2e3	medical biotechnology	skos:exactMatch	https://tamar.dsd.sztaki.hu/taxonomies/asjc/2204	Biomedical Engineering	semapv:LexicalMatching	0.840	0.6775	cosine	tamar-pairwise	Equivalent biomedical field
http://data.europa.eu/8mn/euroscivoc/4a8788fc-4172-461c-ae94-40be4f39043f	earth and related environmental sciences	skos:closeMatch	https://tamar.dsd.sztaki.hu/taxonomies/asjc/1900	General Earth and Planetary Sciences	semapv:SemanticSimilarityThresholdMatching	0.860	0.8001	cosine	tamar-pairwise	Near-equivalent disciplinary umbrella
http://data.europa.eu/8mn/euroscivoc/4b9f8efb-68dd-45a1-b04c-d23d457d6898	general medicine	skos:exactMatch	https://tamar.dsd.sztaki.hu/taxonomies/asjc/2700	General Medicine	semapv:LexicalMatching	0.990			tamar-pairwise	Same medical field concept
http://data.europa.eu/8mn/euroscivoc/4c8f4b46-6f5c-41d9-9079-7de85c16431d	artificial intelligence	skos:exactMatch	https://tamar.dsd.sztaki.hu/taxonomies/asjc/1702	Artificial Intelligence	semapv:LexicalMatching	0.990	0.7002	cosine	tamar-pairwise	Identical artificial intelligence concept
http://data.europa.eu/8mn/euroscivoc/4d3e0b8f-ce04-475e-933f-a82f26f1086f	separation technologies	skos:closeMatch	https://tamar.dsd.sztaki.hu/taxonomies/asjc/1506	Filtration and Separation	semapv:SemanticSimilarityThresholdMatching	0.840	0.7116	cosine	tamar-pairwise	Equivalent separation technology scope
http://data.europa.eu/8mn/euroscivoc/4df60e5a-a143-45d2-b1a6-c2dcb31d977a	agriculture, forestry, and fisheries	skos:broadMatch	https://tamar.dsd.sztaki.hu/taxonomies/asjc/1100	General Agricultural and Biological Sciences	semapv:SemanticSimilarityThresholdMatching	0.860	0.6989	cosine	tamar-pairwise	Target heading covers both
http://data.europa.eu/8mn/euroscivoc/4e2d5d05-e6af-41fa-abc0-5ef8a0d09661	apiculture	skos:broadMatch	https://tamar.dsd.sztaki.hu/taxonomies/asjc/1109	Insect Science	semapv:SemanticSimilarityThresholdMatching	0.920	0.6736	cosine	tamar-pairwise	Target covers many insects
http://data.europa.eu/8mn/euroscivoc/4e705211-8770-4a2a-8596-dbc25b41c83b	electrochemistry	skos:exactMatch	https://tamar.dsd.sztaki.hu/taxonomies/asjc/1603	Electrochemistry	semapv:LexicalMatching	0.990	0.7496	cosine	tamar-pairwise	Same electrochemistry concept
http://data.europa.eu/8mn/euroscivoc/4fc54e32-5c0e-4f9f-aec1-18bb20609eba	geochemistry	skos:broadMatch	https://tamar.dsd.sztaki.hu/taxonomies/asjc/1906	Geochemistry and Petrology	semapv:SemanticSimilarityThresholdMatching	0.840	0.7025	cosine	tamar-pairwise	Target heading covers source
http://data.europa.eu/8mn/euroscivoc/506c04ef-2bd1-464e-8017-db30eb140abc	sedimentary petrology	skos:broadMatch	https://tamar.dsd.sztaki.hu/taxonomies/asjc/1906	Geochemistry and Petrology	semapv:SemanticSimilarityThresholdMatching	0.860	0.6867	cosine	tamar-pairwise	Target covers all petrology
http://data.europa.eu/8mn/euroscivoc/531bd18a-eedd-4345-8b2f-5464f96615f8	environmental engineering	skos:exactMatch	https://tamar.dsd.sztaki.hu/taxonomies/asjc/2305	Environmental Engineering	semapv:LexicalMatching	0.980	0.7604	cosine	tamar-pairwise	Identical environmental engineering concept
http://data.europa.eu/8mn/euroscivoc/5375c411-6db9-40ed-a854-6554102a587b	dermatology	skos:exactMatch	https://tamar.dsd.sztaki.hu/taxonomies/asjc/2708	Dermatology	semapv:LexicalMatching	0.990	0.6991	cosine	tamar-pairwise	Same medical specialty
http://data.europa.eu/8mn/euroscivoc/537a6e3e-cb77-49f8-b946-e4ed9bee9954	facial recognition	skos:broadMatch	https://tamar.dsd.sztaki.hu/taxonomies/asjc/1707	Computer Vision and Pattern Recognition	semapv:SemanticSimilarityThresholdMatching	0.940	0.6757	cosine	tamar-pairwise	Target covers facial recognition
http://data.europa.eu/8mn/euroscivoc/53d318ec-2f1b-41e4-8317-24b35f9a9120	structural engineering	skos:broadMatch	https://tamar.dsd.sztaki.hu/taxonomies/asjc/2200	General Engineering	semapv:SemanticSimilarityThresholdMatching	0.800	0.6733	cosine	tamar-pairwise	Target heading covers both
http://data.europa.eu/8mn/euroscivoc/55e533c2-cad7-45bc-a66f-e813cda04e70	veterinary sciences	skos:closeMatch	https://tamar.dsd.sztaki.hu/taxonomies/asjc/3400	General Veterinary	semapv:SemanticSimilarityThresholdMatching	0.920	0.7458	cosine	tamar-pairwise	Veterinary field equivalence
http://data.europa.eu/8mn/euroscivoc/562f2b97-7578-4fbc-a53c-b9603aad1db9	public administration	skos:exactMatch	https://tamar.dsd.sztaki.hu/taxonomies/asjc/3321	Public Administration	semapv:LexicalMatching	0.990	0.8200	cosine	tamar-pairwise	Equivalent public administration concept
http://data.europa.eu/8mn/euroscivoc/5734c649-766d-4880-8891-daee21d64bb4	social psychology	skos:exactMatch	https://tamar.dsd.sztaki.hu/taxonomies/asjc/3207	Social Psychology	semapv:LexicalMatching	0.990			tamar-pairwise	Identical disciplinary concept
http://data.europa.eu/8mn/euroscivoc/5754a839-d714-4849-9789-e831eb4af6f1	odontology	skos:closeMatch	https://tamar.dsd.sztaki.hu/taxonomies/asjc/3500	General Dentistry	semapv:SemanticSimilarityThresholdMatching	0.920	0.7021	cosine	tamar-pairwise	Equivalent general dental discipline
http://data.europa.eu/8mn/euroscivoc/5784b7f1-c7ce-49d9-9f38-aebcda0ff41d	oncology	skos:exactMatch	https://tamar.dsd.sztaki.hu/taxonomies/asjc/2730	Oncology	semapv:LexicalMatching	0.970	0.6934	cosine	tamar-pairwise	Same oncology field
http://data.europa.eu/8mn/euroscivoc/57ae94b9-b0e2-4066-b910-3b58c015c17e	physical chemistry	skos:closeMatch	https://tamar.dsd.sztaki.hu/taxonomies/asjc/1606	Physical and Theoretical Chemistry	semapv:SemanticSimilarityThresholdMatching	0.940	0.7792	cosine	tamar-pairwise	Physical chemistry category
http://data.europa.eu/8mn/euroscivoc/584d9d66-018f-4bb9-812c-7fafd5b1abd4	developmental biology	skos:exactMatch	https://tamar.dsd.sztaki.hu/taxonomies/asjc/1309	Developmental Biology	semapv:LexicalMatching	0.990	0.7406	cosine	tamar-pairwise	Same biological discipline
http://data.europa.eu/8mn/euroscivoc/5ac3ab8e-7d50-4091-94e2-0eec71c915db	mathematics	skos:closeMatch	https://tamar.dsd.sztaki.hu/taxonomies/asjc/2600	General Mathematics	semapv:SemanticSimilarityThresholdMatching	0.940	0.7107	cosine	tamar-pairwise	Equivalent mathematical domain
http://data.europa.eu/8mn/euroscivoc/5ae7bd70-d708-4d9c-b090-083a42d44632	naval engineering	skos:broadMatch	https://tamar.dsd.sztaki.hu/taxonomies/asjc/2212	Ocean Engineering	semapv:SemanticSimilarityThresholdMatching	0.750	0.7175	cosine	tamar-pairwise	Target covers naval engineering
http://data.europa.eu/8mn/euroscivoc/5b85e891-a025-4270-9b5d-df61c39b79f2	biological behavioural sciences	skos:broadMatch	https://tamar.dsd.sztaki.hu/taxonomies/asjc/1105	Ecology, Evolution, Behavior and Systematics	semapv:SemanticSimilarityThresholdMatching	0.750	0.6534	cosine	tamar-pairwise	Target broader than source
http://data.europa.eu/8mn/euroscivoc/5c631d7c-2a8c-40b4-9ba9-71121e2d5e63	basic medicine	skos:narrowMatch	https://tamar.dsd.sztaki.hu/taxonomies/asjc/2736	Pharmacology (medical)	semapv:SemanticSimilarityThresholdMatching	0.880	0.7038	cosine	tamar-pairwise	Target is subfield
http://data.europa.eu/8mn/euroscivoc/5c66325e-b247-4e52-92ec-544ae4d061cc	psychology	skos:closeMatch	https://tamar.dsd.sztaki.hu/taxonomies/asjc/3200	General Psychology	semapv:SemanticSimilarityThresholdMatching	0.950	0.7786	cosine	tamar-pairwise	Equivalent general psychology concept
http://data.europa.eu/8mn/euroscivoc/5e1591e2-d02b-436c-8216-6b8912eee467	emergency medicine	skos:exactMatch	https://tamar.dsd.sztaki.hu/taxonomies/asjc/2711	Emergency Medicine	semapv:LexicalMatching	0.990	0.6955	cosine	tamar-pairwise	Identical medical specialty
http://data.europa.eu/8mn/euroscivoc/5e784778-9a21-483e-8435-37d7af93c92d	construction engineering	skos:closeMatch	https://tamar.dsd.sztaki.hu/taxonomies/asjc/2215	Building and Construction	semapv:SemanticSimilarityThresholdMatching	0.840	0.7155	cosine	tamar-pairwise	Closest construction discipline
http://data.europa.eu/8mn/euroscivoc/5f6d0ee3-74d2-4fba-829b-24ef3fdf33fa	theoretical physics	skos:narrowMatch	https://tamar.dsd.sztaki.hu/taxonomies/asjc/3106	Nuclear and High Energy Physics	semapv:SemanticSimilarityThresholdMatching	0.860	0.6890	cosine	tamar-pairwise	Source covers broader scope
http://data.europa.eu/8mn/euroscivoc/5f7e9d3a-3493-4cb9-8436-1e8b8ce3087a	dendrology	skos:broadMatch	https://tamar.dsd.sztaki.hu/taxonomies/asjc/1107	Forestry	semapv:SemanticSimilarityThresholdMatching	0.780	0.6530	cosine	tamar-pairwise	Target broader than dendrology
http://data.europa.eu/8mn/euroscivoc/61bab820-648f-4f84-9f2d-71b5f80c5835	linguistics	skos:closeMatch	https://tamar.dsd.sztaki.hu/taxonomies/asjc/1203	Language and Linguistics	semapv:SemanticSimilarityThresholdMatching	0.900	0.6610	cosine	tamar-pairwise	Equivalent linguistics domain
http://data.europa.eu/8mn/euroscivoc/61bab820-648f-4f84-9f2d-71b5f80c5835	linguistics	skos:closeMatch	https://tamar.dsd.sztaki.hu/taxonomies/asjc/3310	Linguistics and Language	semapv:SemanticSimilarityThresholdMatching	0.880	0.6647	cosine	tamar-pairwise	Equivalent linguistics domain
http://data.europa.eu/8mn/euroscivoc/621ef1ce-2ebd-43d9-a6c7-ecd962d27269	ophthalmology	skos:exactMatch	https://tamar.dsd.sztaki.hu/taxonomies/asjc/2731	Ophthalmology	semapv:LexicalMatching	0.990	0.6840	cosine	tamar-pairwise	Same medical specialty
http://data.europa.eu/8mn/euroscivoc/6283539e-373a-4c38-8bab-6510f9ee479c	livestock cloning	skos:broadMatch	https://tamar.dsd.sztaki.hu/taxonomies/asjc/1103	Animal Science and Zoology	semapv:SemanticSimilarityThresholdMatching	0.850	0.6519	cosine	tamar-pairwise	Target covers cloning broadly
http://data.europa.eu/8mn/euroscivoc/62d2a84e-3f7d-4164-890a-bac80360105b	waste management	skos:closeMatch	https://tamar.dsd.sztaki.hu/taxonomies/asjc/2311	Waste Management and Disposal	semapv:SemanticSimilarityThresholdMatching	0.940	0.7835	cosine	tamar-pairwise	Direct waste management equivalence
http://data.europa.eu/8mn/euroscivoc/62e0b84b-ccbb-4cd9-a8b3-9fafb942904e	visual arts	skos:broadMatch	https://tamar.dsd.sztaki.hu/taxonomies/asjc/1213	Visual Arts and Performing Arts	semapv:SemanticSimilarityThresholdMatching	0.920	0.7175	cosine	tamar-pairwise	Target heading covers both
http://data.europa.eu/8mn/euroscivoc/64605fff-1946-4fd4-b021-e2e83b71dcac	engineering and technology	skos:narrowMatch	https://tamar.dsd.sztaki.hu/taxonomies/asjc/2200	General Engineering	semapv:SemanticSimilarityThresholdMatching	0.920	0.7347	cosine	tamar-pairwise	Source broader than target
http://data.europa.eu/8mn/euroscivoc/64677c83-d296-43b3-b4a1-a6e79ce71488	limnology	skos:broadMatch	https://tamar.dsd.sztaki.hu/taxonomies/asjc/1104	Aquatic Science	semapv:SemanticSimilarityThresholdMatching	0.900	0.7553	cosine	tamar-pairwise	Aquatic Science broader
http://data.europa.eu/8mn/euroscivoc/64992e3b-ceb3-482e-af46-3b8507dbda60	pathophysiology	skos:exactMatch	https://tamar.dsd.sztaki.hu/taxonomies/asjc/2918	Pathophysiology	semapv:LexicalMatching	0.980	0.7517	cosine	tamar-pairwise	Identical concept label
http://data.europa.eu/8mn/euroscivoc/65672057-bb45-47a9-9b2d-5dd7c15dae10	anthropology	skos:exactMatch	https://tamar.dsd.sztaki.hu/taxonomies/asjc/3314	Anthropology	semapv:LexicalMatching	0.980	0.6553	cosine	tamar-pairwise	Same disciplinary concept
http://data.europa.eu/8mn/euroscivoc/65f1cb53-0694-477b-9900-61ac8ad78c67	geology	skos:exactMatch	https://tamar.dsd.sztaki.hu/taxonomies/asjc/1907	Geology	semapv:LexicalMatching	0.990	0.7801	cosine	tamar-pairwise	Exact geological field
http://data.europa.eu/8mn/euroscivoc/6772a809-fa3f-49b6-b82f-d2e82a96e44d	synthetic fuels	skos:broadMatch	https://tamar.dsd.sztaki.hu/taxonomies/asjc/2103	Fuel Technology	semapv:SemanticSimilarityThresholdMatching	0.880	0.6728	cosine	tamar-pairwise	Target covers synthetic fuels
http://data.europa.eu/8mn/euroscivoc/678cdc97-e688-4736-a884-8b6bb5b9b68d	social biomedical sciences	skos:closeMatch	https://tamar.dsd.sztaki.hu/taxonomies/asjc/3306	Health (social science)	semapv:SemanticSimilarityThresholdMatching	0.840	0.6913	cosine	tamar-pairwise	Equivalent social health field
http://data.europa.eu/8mn/euroscivoc/6c982cd7-7f9c-4cde-8a3e-b40a226bc313	liver cancer	skos:broadMatch	https://tamar.dsd.sztaki.hu/taxonomies/asjc/2721	Hepatology	semapv:SemanticSimilarityThresholdMatching	0.780	0.6591	cosine	tamar-pairwise	Covers liver cancer plus others
http://data.europa.eu/8mn/euroscivoc/6eb34fa9-e534-437c-a6c1-2051b6740bb9	epidemiology	skos:exactMatch	https://tamar.dsd.sztaki.hu/taxonomies/asjc/2713	Epidemiology	semapv:LexicalMatching	0.980	0.6532	cosine	tamar-pairwise	Same epidemiology discipline
http://data.europa.eu/8mn/euroscivoc/71137b04-547d-4329-8db3-251df3e84589	transplantation	skos:exactMatch	https://tamar.dsd.sztaki.hu/taxonomies/asjc/2747	Transplantation	semapv:LexicalMatching	0.990	0.8853	cosine	tamar-pairwise	Identical medical specialty
http://data.europa.eu/8mn/euroscivoc/7341b8bd-fcb0-44c1-9ca9-8752b542ed59	andrology	skos:broadMatch	https://tamar.dsd.sztaki.hu/taxonomies/asjc/2743	Reproductive Medicine	semapv:SemanticSimilarityThresholdMatching	0.900	0.6665	cosine	tamar-pairwise	Target broader than source
http://data.europa.eu/8mn/euroscivoc/742439ad-5d62-4e2d-bd77-0eb7caaa75f4	medical engineering	skos:closeMatch	https://tamar.dsd.sztaki.hu/taxonomies/asjc/2204	Biomedical Engineering	semapv:SemanticSimilarityThresholdMatching	0.910	0.6910	cosine	tamar-pairwise	Equivalent biomedical engineering field
http://data.europa.eu/8mn/euroscivoc/749ae797-df54-47c9-9298-60812c03e3e5	reproductive biology	skos:relatedMatch	https://tamar.dsd.sztaki.hu/taxonomies/asjc/1309	Developmental Biology	semapv:SemanticSimilarityThresholdMatching	0.700	0.7076	cosine	tamar-pairwise	Neither wider
http://data.europa.eu/8mn/euroscivoc/74f1f6d9-2480-440a-a168-82967a9677ef	planetary sciences	skos:closeMatch	https://tamar.dsd.sztaki.hu/taxonomies/asjc/1912	Space and Planetary Science	semapv:SemanticSimilarityThresholdMatching	0.880	0.6671	cosine	tamar-pairwise	Planetary science field
http://data.europa.eu/8mn/euroscivoc/763cdd4c-3c18-4fa5-91be-fc6c8754d116	zoology	skos:broadMatch	https://tamar.dsd.sztaki.hu/taxonomies/asjc/1100	General Agricultural and Biological Sciences	semapv:SemanticSimilarityThresholdMatching	0.850	0.6610	cosine	tamar-pairwise	Target covers zoology and more
http://data.europa.eu/8mn/euroscivoc/76da466d-e78f-44b0-990a-db42f87b9454	archaeology	skos:exactMatch	https://tamar.dsd.sztaki.hu/taxonomies/asjc/3302	Archeology	semapv:LexicalMatching	0.980	0.6534	cosine	tamar-pairwise	Same archaeological discipline
http://data.europa.eu/8mn/euroscivoc/77030c6f-37d5-46d0-961c-b2a053ecb8d7	law	skos:exactMatch	https://tamar.dsd.sztaki.hu/taxonomies/asjc/3308	Law	semapv:LexicalMatching	0.980	0.6822	cosine	tamar-pairwise	Same field and hierarchy
http://data.europa.eu/8mn/euroscivoc/776bf529-b4bb-458b-ad4f-50b327a822ce	environmental biotechnology	skos:broadMatch	https://tamar.dsd.sztaki.hu/taxonomies/asjc/2305	Environmental Engineering	semapv:SemanticSimilarityThresholdMatching	0.800	0.6699	cosine	tamar-pairwise	Target covers biotechnology
http://data.europa.eu/8mn/euroscivoc/7a2dcf7b-2c20-468a-a81c-76d67c14de31	humanities	skos:closeMatch	https://tamar.dsd.sztaki.hu/taxonomies/asjc/1200	General Arts and Humanities	semapv:SemanticSimilarityThresholdMatching	0.910	0.7894	cosine	tamar-pairwise	Equivalent humanities subject grouping
http://data.europa.eu/8mn/euroscivoc/7a3cf568-46ba-4840-be8f-f22fc030139f	immunology	skos:exactMatch	https://tamar.dsd.sztaki.hu/taxonomies/asjc/2403	Immunology	semapv:LexicalMatching	0.990			tamar-pairwise	Same medical discipline
http://data.europa.eu/8mn/euroscivoc/7a868b71-b645-4d74-9c49-8e9ced9e8c1b	coating and films	skos:closeMatch	https://tamar.dsd.sztaki.hu/taxonomies/asjc/2508	Surfaces, Coatings and Films	semapv:SemanticSimilarityThresholdMatching	0.920	0.6939	cosine	tamar-pairwise	Equivalent coatings and films scope
http://data.europa.eu/8mn/euroscivoc/7b38f8b4-3f5a-4a59-84f8-d270c33146c8	spectroscopy	skos:exactMatch	https://tamar.dsd.sztaki.hu/taxonomies/asjc/1607	Spectroscopy	semapv:LexicalMatching	0.980	0.6623	cosine	tamar-pairwise	Same scientific measurement field
http://data.europa.eu/8mn/euroscivoc/7b79e4a2-5d2a-453f-b277-dda80eccf0d0	control engineering	skos:closeMatch	https://tamar.dsd.sztaki.hu/taxonomies/asjc/2207	Control and Systems Engineering	semapv:SemanticSimilarityThresholdMatching	0.970	0.8479	cosine	tamar-pairwise	Equivalent control systems discipline
http://data.europa.eu/8mn/euroscivoc/7dc05f81-dc62-4d77-af5d-8283b58fa184	energy conversion	skos:broadMatch	https://tamar.dsd.sztaki.hu/taxonomies/asjc/2102	Energy Engineering and Power Technology	semapv:SemanticSimilarityThresholdMatching	0.800	0.6609	cosine	tamar-pairwise	Target includes conversion
http://data.europa.eu/8mn/euroscivoc/7de64596-5b0d-4977-8f98-b982ff2ec17d	gynaecology	skos:broadMatch	https://tamar.dsd.sztaki.hu/taxonomies/asjc/2729	Obstetrics and Gynecology	semapv:SemanticSimilarityThresholdMatching	0.900	0.7115	cosine	tamar-pairwise	Target covers obstetrics too
http://data.europa.eu/8mn/euroscivoc/7e2ed2d0-d1fe-4e92-8a75-e2363e589b89	molecular neuroscience	skos:broadMatch	https://tamar.dsd.sztaki.hu/taxonomies/asjc/2804	Cellular and Molecular Neuroscience	semapv:SemanticSimilarityThresholdMatching	0.900	0.7516	cosine	tamar-pairwise	Target adds cellular aspect
http://data.europa.eu/8mn/euroscivoc/803cff73-504b-41ae-9873-1836c76c15d1	biological sciences	skos:broadMatch	https://tamar.dsd.sztaki.hu/taxonomies/asjc/1100	General Agricultural and Biological Sciences	semapv:SemanticSimilarityThresholdMatching	0.800	0.6766	cosine	tamar-pairwise	includes agriculture too
http://data.europa.eu/8mn/euroscivoc/80742b2c-612e-4f18-a2e8-83bcdaa32ab2	agronomy	skos:closeMatch	https://tamar.dsd.sztaki.hu/taxonomies/asjc/1102	Agronomy and Crop Science	semapv:SemanticSimilarityThresholdMatching	0.960	0.7855	cosine	tamar-pairwise	Direct agronomy equivalence
http://data.europa.eu/8mn/euroscivoc/8190a2e4-d944-4a7e-bb2f-adb488442622	dietetics	skos:broadMatch	https://tamar.dsd.sztaki.hu/taxonomies/asjc/2916	Nutrition and Dietetics	semapv:SemanticSimilarityThresholdMatching	0.920	0.6935	cosine	tamar-pairwise	Includes nutrition besides dietetics
http://data.europa.eu/8mn/euroscivoc/823fc6a3-11f6-4d98-a220-0ea8db1ea48d	ocean engineering	skos:exactMatch	https://tamar.dsd.sztaki.hu/taxonomies/asjc/2212	Ocean Engineering	semapv:LexicalMatching	0.990	0.7017	cosine	tamar-pairwise	Identical engineering discipline
http://data.europa.eu/8mn/euroscivoc/828fbc8f-af57-4946-a4bd-219cc9ea615d	space exploration	skos:broadMatch	https://tamar.dsd.sztaki.hu/taxonomies/asjc/1912	Space and Planetary Science	semapv:SemanticSimilarityThresholdMatching	0.850	0.6848	cosine	tamar-pairwise	Target covers broader field
http://data.europa.eu/8mn/euroscivoc/838f3474-df6f-4654-958e-38b8d7e4b0c9	histology	skos:exactMatch	https://tamar.dsd.sztaki.hu/taxonomies/asjc/2722	Histology	semapv:LexicalMatching	0.990	0.8063	cosine	tamar-pairwise	Exact histology concept
http://data.europa.eu/8mn/euroscivoc/84a41eb4-356e-40a4-bc70-216beaf3d33d	geophysics	skos:exactMatch	https://tamar.dsd.sztaki.hu/taxonomies/asjc/1908	Geophysics	semapv:LexicalMatching	0.990	0.7484	cosine	tamar-pairwise	Same discipline and label
http://data.europa.eu/8mn/euroscivoc/857b60d8-4b5a-41ef-9bd8-9c1e62815ab3	biofuels	skos:broadMatch	https://tamar.dsd.sztaki.hu/taxonomies/asjc/2502	Biomaterials	semapv:SemanticSimilarityThresholdMatching	0.930	0.6647	cosine	tamar-pairwise	Target covers biofuels
http://data.europa.eu/8mn/euroscivoc/85d38bff-6c87-4717-81d9-f249ee6a7f64	cognitive psychology	skos:broadMatch	https://tamar.dsd.sztaki.hu/taxonomies/asjc/3205	Experimental and Cognitive Psychology	semapv:SemanticSimilarityThresholdMatching	0.780	0.6680	cosine	tamar-pairwise	Target includes experimental
http://data.europa.eu/8mn/euroscivoc/8614801c-e2ae-4e99-93b0-cfecb09c4f35	social geography	skos:broadMatch	https://tamar.dsd.sztaki.hu/taxonomies/asjc/3305	Geography, Planning and Development	semapv:SemanticSimilarityThresholdMatching	0.850	0.6796	cosine	tamar-pairwise	Target covers broader field
http://data.europa.eu/8mn/euroscivoc/86246709-0490-46c0-99f6-4afe7d8b461d	entomology	skos:closeMatch	https://tamar.dsd.sztaki.hu/taxonomies/asjc/1109	Insect Science	semapv:SemanticSimilarityThresholdMatching	0.970	0.7385	cosine	tamar-pairwise	Entomology is insect science
http://data.europa.eu/8mn/euroscivoc/8a64da82-b46e-4940-b896-bfc79ad3f6f8	palaeontology	skos:exactMatch	https://tamar.dsd.sztaki.hu/taxonomies/asjc/1911	Paleontology	semapv:LexicalMatching	0.980	0.7484	cosine	tamar-pairwise	Same scientific discipline
http://data.europa.eu/8mn/euroscivoc/8cf6591b-082a-4b5d-9178-912736414c80	network security	skos:broadMatch	https://tamar.dsd.sztaki.hu/taxonomies/asjc/1705	Computer Networks and Communications	semapv:SemanticSimilarityThresholdMatching	0.750	0.6838	cosine	tamar-pairwise	Target covers network security
http://data.europa.eu/8mn/euroscivoc/8de66ca0-d07a-4f3d-b41f-02f6fe6a19fc	pollution	skos:exactMatch	https://tamar.dsd.sztaki.hu/taxonomies/asjc/2310	Pollution	semapv:LexicalMatching	0.990	0.7769	cosine	tamar-pairwise	Same pollution concept
http://data.europa.eu/8mn/euroscivoc/8e2d297f-5880-4d7a-969d-79026aa0779c	medical genetics	skos:closeMatch	https://tamar.dsd.sztaki.hu/taxonomies/asjc/2716	Genetics (clinical)	semapv:SemanticSimilarityThresholdMatching	0.960	0.8117	cosine	tamar-pairwise	Clinical medical genetics
http://data.europa.eu/8mn/euroscivoc/8e469a25-b5fd-4bf3-8cc1-d14800e650e0	environmental sciences	skos:closeMatch	https://tamar.dsd.sztaki.hu/taxonomies/asjc/2300	General Environmental Science	semapv:SemanticSimilarityThresholdMatching	0.900	0.7020	cosine	tamar-pairwise	Equivalent environmental science field
http://data.europa.eu/8mn/euroscivoc/9193c76f-0e67-47d6-819b-19c3122a535e	cultural and economic geography	skos:broadMatch	https://tamar.dsd.sztaki.hu/taxonomies/asjc/3305	Geography, Planning and Development	semapv:SemanticSimilarityThresholdMatching	0.850	0.6607	cosine	tamar-pairwise	Target covers broader geography
http://data.europa.eu/8mn/euroscivoc/91dbf78e-ec96-4fc8-9ba3-706d26b85a15	agriculture	skos:broadMatch	https://tamar.dsd.sztaki.hu/taxonomies/asjc/1100	General Agricultural and Biological Sciences	semapv:SemanticSimilarityThresholdMatching	0.800	0.6545	cosine	tamar-pairwise	Target covers agriculture and more
http://data.europa.eu/8mn/euroscivoc/9239f328-78c9-40a5-a0b9-8e66fd9b6245	hematology	skos:exactMatch	https://tamar.dsd.sztaki.hu/taxonomies/asjc/2720	Hematology	semapv:LexicalMatching	0.990	0.6798	cosine	tamar-pairwise	Same medical specialty
http://data.europa.eu/8mn/euroscivoc/927ac971-50a5-462b-8857-8b6aa708c917	computational neuroscience	skos:relatedMatch	https://tamar.dsd.sztaki.hu/taxonomies/asjc/2805	Cognitive Neuroscience	semapv:SemanticSimilarityThresholdMatching	0.800	0.6824	cosine	tamar-pairwise	Neither side broader
http://data.europa.eu/8mn/euroscivoc/9285d0c4-93e0-4cd7-bc24-4cb0b0b9a06e	speech-language pathology	skos:broadMatch	https://tamar.dsd.sztaki.hu/taxonomies/asjc/3616	Speech and Hearing	semapv:SemanticSimilarityThresholdMatching	0.850	0.6570	cosine	tamar-pairwise	Target covers hearing too
http://data.europa.eu/8mn/euroscivoc/93205ae1-235c-4259-a94d-ca9453a2ce17	botany	skos:exactMatch	https://tamar.dsd.sztaki.hu/taxonomies/asjc/1110	Plant Science	semapv:LexicalMatching	0.960			tamar-pairwise	Equivalent plant science concept
http://data.europa.eu/8mn/euroscivoc/9523c8f0-e142-40fe-9ced-571469d279ae	popular music studies	skos:broadMatch	https://tamar.dsd.sztaki.hu/taxonomies/asjc/1210	Music	semapv:SemanticSimilarityThresholdMatching	0.850	0.6768	cosine	tamar-pairwise	Target covers all music
http://data.europa.eu/8mn/euroscivoc/969ab3ad-46f6-4637-a09b-92670ed60152	geotechnics	skos:closeMatch	https://tamar.dsd.sztaki.hu/taxonomies/asjc/1909	Geotechnical Engineering and Engineering Geology	semapv:SemanticSimilarityThresholdMatching	0.980	0.8221	cosine	tamar-pairwise	Exact geotechnical engineering field
http://data.europa.eu/8mn/euroscivoc/96b1f2b4-f48e-4810-91fb-851a1e767ea7	prime numbers	skos:broadMatch	https://tamar.dsd.sztaki.hu/taxonomies/asjc/2602	Algebra and Number Theory	semapv:SemanticSimilarityThresholdMatching	0.950	0.6509	cosine	tamar-pairwise	Target heading covers primes
http://data.europa.eu/8mn/euroscivoc/96c3e7e8-7584-4f61-a90d-39652b83f41e	applied mathematics	skos:exactMatch	https://tamar.dsd.sztaki.hu/taxonomies/asjc/2604	Applied Mathematics	semapv:LexicalMatching	0.990	0.7677	cosine	tamar-pairwise	Identical mathematical field
http://data.europa.eu/8mn/euroscivoc/97a2bddc-7341-4a5d-95c3-b378ea8115b0	drug discovery	skos:exactMatch	https://tamar.dsd.sztaki.hu/taxonomies/asjc/3002	Drug Discovery	semapv:LexicalMatching	0.990	0.7142	cosine	tamar-pairwise	Identical drug discovery concept
http://data.europa.eu/8mn/euroscivoc/98f5f863-7cbf-46a0-84e0-cb319895e0ae	biogeochemistry	skos:broadMatch	https://tamar.dsd.sztaki.hu/taxonomies/asjc/1906	Geochemistry and Petrology	semapv:SemanticSimilarityThresholdMatching	0.860	0.6590	cosine	tamar-pairwise	Target broader than source
http://data.europa.eu/8mn/euroscivoc/995f4448-d135-4ba0-925f-e7afa18a0d0e	data processing	skos:narrowMatch	https://tamar.dsd.sztaki.hu/taxonomies/asjc/1711	Signal Processing	semapv:SemanticSimilarityThresholdMatching	0.780	0.6984	cosine	tamar-pairwise	Target narrower than source
http://data.europa.eu/8mn/euroscivoc/99f792a4-fb82-4f84-98df-ff76d9f98f0e	discrete mathematics	skos:closeMatch	https://tamar.dsd.sztaki.hu/taxonomies/asjc/2607	Discrete Mathematics and Combinatorics	semapv:SemanticSimilarityThresholdMatching	0.950	0.7300	cosine	tamar-pairwise	Discrete mathematics category
http://data.europa.eu/8mn/euroscivoc/9a512825-2fe5-4596-a0af-a157d819517b	protozoology	skos:relatedMatch	https://tamar.dsd.sztaki.hu/taxonomies/asjc/2405	Parasitology	semapv:SemanticSimilarityThresholdMatching	0.680	0.7082	cosine	tamar-pairwise	Overlap distinct scopes
http://data.europa.eu/8mn/euroscivoc/9a97233b-9f0a-4644-9eb8-11ca048bca67	glacial geology	skos:broadMatch	https://tamar.dsd.sztaki.hu/taxonomies/asjc/1907	Geology	semapv:SemanticSimilarityThresholdMatching	0.940	0.6944	cosine	tamar-pairwise	Target covers glacial geology
http://data.europa.eu/8mn/euroscivoc/9b1ede6e-993a-494b-a695-155ae8a40ad5	childbirth	skos:broadMatch	https://tamar.dsd.sztaki.hu/taxonomies/asjc/2913	Maternity and Midwifery	semapv:SemanticSimilarityThresholdMatching	0.920	0.6928	cosine	tamar-pairwise	Target broader than childbirth
http://data.europa.eu/8mn/euroscivoc/9b9abbee-82f5-4766-bd4d-feb73cf06573	agricultural sciences	skos:broadMatch	https://tamar.dsd.sztaki.hu/taxonomies/asjc/1100	General Agricultural and Biological Sciences	semapv:SemanticSimilarityThresholdMatching	0.900	0.7820	cosine	tamar-pairwise	Includes extra biology
http://data.europa.eu/8mn/euroscivoc/9bee140a-a951-4706-a5d2-d2a0822e10a1	arithmetics	skos:broadMatch	https://tamar.dsd.sztaki.hu/taxonomies/asjc/2602	Algebra and Number Theory	semapv:SemanticSimilarityThresholdMatching	0.860	0.6605	cosine	tamar-pairwise	Target covers algebra too
http://data.europa.eu/8mn/euroscivoc/9c1581ad-e871-4ab8-ac20-da03fa03d202	public policies	skos:relatedMatch	https://tamar.dsd.sztaki.hu/taxonomies/asjc/3321	Public Administration	semapv:SemanticSimilarityThresholdMatching	0.680	0.6526	cosine	tamar-pairwise	Both address government policies
http://data.europa.eu/8mn/euroscivoc/9c3a57c5-68bd-4ee7-a9cc-aa8ba07bde94	otorhinolaryngology	skos:exactMatch	https://tamar.dsd.sztaki.hu/taxonomies/asjc/2733	Otorhinolaryngology	semapv:LexicalMatching	0.990	0.7239	cosine	tamar-pairwise	Same medical specialty
http://data.europa.eu/8mn/euroscivoc/9cfaafe4-7fee-41fc-ba8d-cf23a2a176e6	biophysics	skos:exactMatch	https://tamar.dsd.sztaki.hu/taxonomies/asjc/1304	Biophysics	semapv:LexicalMatching	0.990	0.6806	cosine	tamar-pairwise	Same scientific discipline
http://data.europa.eu/8mn/euroscivoc/9d9d0dd9-5fe1-4c9b-bef2-e93184ead881	statistics and probability	skos:exactMatch	https://tamar.dsd.sztaki.hu/taxonomies/asjc/2613	Statistics and Probability	semapv:LexicalMatching	0.980	0.7125	cosine	tamar-pairwise	Exact concept label and scope
http://data.europa.eu/8mn/euroscivoc/9db99312-b7aa-4a85-ba0e-b2dd05135539	polymer sciences	skos:closeMatch	https://tamar.dsd.sztaki.hu/taxonomies/asjc/2507	Polymers and Plastics	semapv:SemanticSimilarityThresholdMatching	0.820	0.7049	cosine	tamar-pairwise	Near-equivalent polymer disciplines
http://data.europa.eu/8mn/euroscivoc/9f06ae95-d41a-4621-9152-8a6e1eb46334	art history	skos:broadMatch	https://tamar.dsd.sztaki.hu/taxonomies/asjc/1202	History	semapv:SemanticSimilarityThresholdMatching	0.900	0.6913	cosine	tamar-pairwise	Target heading covers art history
http://data.europa.eu/8mn/euroscivoc/a010f01c-4bd9-4bca-b568-0c1357034db9	numerical analysis	skos:exactMatch	https://tamar.dsd.sztaki.hu/taxonomies/asjc/2612	Numerical Analysis	semapv:LexicalMatching	0.990	0.8212	cosine	tamar-pairwise	Identical mathematical discipline
http://data.europa.eu/8mn/euroscivoc/a2f16477-c745-46f0-b832-586b1c0e468b	physiology	skos:exactMatch	https://tamar.dsd.sztaki.hu/taxonomies/asjc/1314	Physiology	semapv:LexicalMatching	0.900			tamar-pairwise	Same physiological discipline
http://data.europa.eu/8mn/euroscivoc/a348fcd2-3bdd-46f9-aa2c-a91301f1e12e	clinical medicine	skos:closeMatch	https://tamar.dsd.sztaki.hu/taxonomies/asjc/2700	General Medicine	semapv:SemanticSimilarityThresholdMatching	0.920	0.8349	cosine	tamar-pairwise	Equivalent medical discipline cluster
http://data.europa.eu/8mn/euroscivoc/a357cf4d-48e6-4d5d-b8bf-3e39cbbbe713	other medical sciences	skos:narrowMatch	https://tamar.dsd.sztaki.hu/taxonomies/asjc/2734	Pathology and Forensic Medicine	semapv:SemanticSimilarityThresholdMatching	0.700	0.6933	cosine	tamar-pairwise	Covers only forensic part
http://data.europa.eu/8mn/euroscivoc/a3898340-a42d-4f5e-a822-1de204a9a867	gastroenterology	skos:exactMatch	https://tamar.dsd.sztaki.hu/taxonomies/asjc/2715	Gastroenterology	semapv:LexicalMatching	0.980			tamar-pairwise	Identical specialty concept
http://data.europa.eu/8mn/euroscivoc/a4440832-246b-4287-9e41-3ee3fa79f944	agricultural genetics	skos:broadMatch	https://tamar.dsd.sztaki.hu/taxonomies/asjc/1110	Plant Science	semapv:SemanticSimilarityThresholdMatching	0.780	0.6577	cosine	tamar-pairwise	Target includes non-genetic plant topics
http://data.europa.eu/8mn/euroscivoc/a5f238d6-be16-4968-8a0b-61384f7b6e1a	ergonomics	skos:broadMatch	https://tamar.dsd.sztaki.hu/taxonomies/asjc/3307	Human Factors and Ergonomics	semapv:SemanticSimilarityThresholdMatching	0.920	0.7140	cosine	tamar-pairwise	Target adds human factors
http://data.europa.eu/8mn/euroscivoc/a62d17ff-3fdb-4b69-a137-b13fb8899582	behavioural ecology	skos:broadMatch	https://tamar.dsd.sztaki.hu/taxonomies/asjc/1105	Ecology, Evolution, Behavior and Systematics	semapv:SemanticSimilarityThresholdMatching	0.850	0.7433	cosine	tamar-pairwise	Target covers more topics
http://data.europa.eu/8mn/euroscivoc/a74ddb9f-5ad3-4cf4-942d-9dd83fcc041b	synthetic biology	skos:broadMatch	https://tamar.dsd.sztaki.hu/taxonomies/asjc/1305	Biotechnology	semapv:SemanticSimilarityThresholdMatching	0.900	0.6799	cosine	tamar-pairwise	Biotech broader than synth bio
http://data.europa.eu/8mn/euroscivoc/a7845a83-9aa1-44f7-b6a1-4c7912daed0f	entrepreneurship	skos:broadMatch	https://tamar.dsd.sztaki.hu/taxonomies/asjc/1403	Business and International Management	semapv:SemanticSimilarityThresholdMatching	0.750	0.7097	cosine	tamar-pairwise	Target broader than source
http://data.europa.eu/8mn/euroscivoc/a90b6f46-eb48-46d0-81c2-37cf667fd4a5	hydrology	skos:broadMatch	https://tamar.dsd.sztaki.hu/taxonomies/asjc/2312	Water Science and Technology	semapv:SemanticSimilarityThresholdMatching	0.840	0.6894	cosine	tamar-pairwise	Target covers hydrology plus more
http://data.europa.eu/8mn/euroscivoc/a9aa37ce-d8d5-4d68-9123-ffbced0aed12	cell biology	skos:exactMatch	https://tamar.dsd.sztaki.hu/taxonomies/asjc/1307	Cell Biology	semapv:LexicalMatching	0.990			tamar-pairwise	Same cell biology discipline
http://data.europa.eu/8mn/euroscivoc/aa030197-1dda-4fdc-9e79-520fb5ea6624	petrology	skos:broadMatch	https://tamar.dsd.sztaki.hu/taxonomies/asjc/1906	Geochemistry and Petrology	semapv:SemanticSimilarityThresholdMatching	0.920	0.7159	cosine	tamar-pairwise	Target adds geochemistry
http://data.europa.eu/8mn/euroscivoc/aa18770d-daaf-4ef7-8229-d371b933adab	vehicle engineering	skos:broadMatch	https://tamar.dsd.sztaki.hu/taxonomies/asjc/2200	General Engineering	semapv:SemanticSimilarityThresholdMatching	0.900	0.6879	cosine	tamar-pairwise	Target heading covers source
http://data.europa.eu/8mn/euroscivoc/aafff649-e02a-496e-b436-284ce76044c4	software	skos:exactMatch	https://tamar.dsd.sztaki.hu/taxonomies/asjc/1712	Software	semapv:LexicalMatching	0.980	0.7790	cosine	tamar-pairwise	Direct label and hierarchy match
http://data.europa.eu/8mn/euroscivoc/abd12e91-2d1b-4b99-9b4d-6ed39420bb10	gender studies	skos:exactMatch	https://tamar.dsd.sztaki.hu/taxonomies/asjc/3318	Gender Studies	semapv:LexicalMatching	0.980	0.7276	cosine	tamar-pairwise	Equivalent gender studies field
http://data.europa.eu/8mn/euroscivoc/ac35f057-d98c-4af1-a3b6-202365b685f5	agroecology	skos:broadMatch	https://tamar.dsd.sztaki.hu/taxonomies/asjc/1102	Agronomy and Crop Science	semapv:SemanticSimilarityThresholdMatching	0.860	0.7075	cosine	tamar-pairwise	Target covers agroecology
http://data.europa.eu/8mn/euroscivoc/af65e2bf-afc5-45e8-a0fc-364dfb48f0a4	allergology	skos:broadMatch	https://tamar.dsd.sztaki.hu/taxonomies/asjc/2723	Immunology and Allergy	semapv:SemanticSimilarityThresholdMatching	0.900	0.6899	cosine	tamar-pairwise	Target includes immunology
http://data.europa.eu/8mn/euroscivoc/afe0f21c-5863-4628-a909-829d12618497	architectural design	skos:broadMatch	https://tamar.dsd.sztaki.hu/taxonomies/asjc/2216	Architecture	semapv:SemanticSimilarityThresholdMatching	0.860	0.7285	cosine	tamar-pairwise	Target includes more than design
http://data.europa.eu/8mn/euroscivoc/b0a5e340-eff7-4c23-8db2-e82fb8b8e930	horticulture	skos:exactMatch	https://tamar.dsd.sztaki.hu/taxonomies/asjc/1108	Horticulture	semapv:LexicalMatching	0.980	0.6999	cosine	tamar-pairwise	Same horticultural science concept
http://data.europa.eu/8mn/euroscivoc/b0acefb3-6602-42b2-a6dc-28f3629c31ae	product engineering	skos:broadMatch	https://tamar.dsd.sztaki.hu/taxonomies/asjc/2209	Industrial and Manufacturing Engineering	semapv:SemanticSimilarityThresholdMatching	0.860	0.7917	cosine	tamar-pairwise	Target covers product engineering
http://data.europa.eu/8mn/euroscivoc/b0edf9eb-127a-41bc-b0cf-eb3ed9039f0c	oceanography	skos:exactMatch	https://tamar.dsd.sztaki.hu/taxonomies/asjc/1910	Oceanography	semapv:LexicalMatching	0.980	0.7513	cosine	tamar-pairwise	Equivalent ocean science disciplines
http://data.europa.eu/8mn/euroscivoc/b235ad52-5fbd-4bad-b83f-60b1b43757f3	metallurgy	skos:broadMatch	https://tamar.dsd.sztaki.hu/taxonomies/asjc/2506	Metals and Alloys	semapv:SemanticSimilarityThresholdMatching	0.780	0.7226	cosine	tamar-pairwise	Target covers source
http://data.europa.eu/8mn/euroscivoc/b33c5338-c5bb-4026-8b86-7e2ff7cd2e3c	animal and dairy science	skos:closeMatch	https://tamar.dsd.sztaki.hu/taxonomies/asjc/1103	Animal Science and Zoology	semapv:SemanticSimilarityThresholdMatching	0.880	0.7693	cosine	tamar-pairwise	Animal science semantic match
http://data.europa.eu/8mn/euroscivoc/b3f4a4bc-41a0-4bd8-abff-f182893550c6	catalysis	skos:exactMatch	https://tamar.dsd.sztaki.hu/taxonomies/asjc/1503	Catalysis	semapv:LexicalMatching	0.950	0.7372	cosine	tamar-pairwise	Same catalysis concept
http://data.europa.eu/8mn/euroscivoc/b400cbdb-9e22-43cf-8933-0e034a0a5871	aerospace engineering	skos:exactMatch	https://tamar.dsd.sztaki.hu/taxonomies/asjc/2202	Aerospace Engineering	semapv:LexicalMatching	0.990	0.7803	cosine	tamar-pairwise	Exact aerospace engineering field
http://data.europa.eu/8mn/euroscivoc/b469121d-9e7d-478a-890c-56c73607a917	radiology	skos:broadMatch	https://tamar.dsd.sztaki.hu/taxonomies/asjc/2741	Radiology, Nuclear Medicine and Imaging	semapv:SemanticSimilarityThresholdMatching	0.900	0.8564	cosine	tamar-pairwise	Target heading covers radiology
http://data.europa.eu/8mn/euroscivoc/b486d48d-b7d5-46d8-9c7a-3e921eebe3d5	soil sciences	skos:exactMatch	https://tamar.dsd.sztaki.hu/taxonomies/asjc/1111	Soil Science	semapv:LexicalMatching	0.980	0.7001	cosine	tamar-pairwise	Equivalent soil science field
http://data.europa.eu/8mn/euroscivoc/b533acc2-aff1-4c65-80ca-5d5bee865ba9	public health	skos:closeMatch	https://tamar.dsd.sztaki.hu/taxonomies/asjc/2739	Public Health, Environmental and Occupational Health	semapv:SemanticSimilarityThresholdMatching	0.910	0.7626	cosine	tamar-pairwise	Combined public health category
http://data.europa.eu/8mn/euroscivoc/b815a806-57fc-4646-8e3f-38bb81b5d33b	optoelectronics	skos:broadMatch	https://tamar.dsd.sztaki.hu/taxonomies/asjc/2504	Electronic, Optical and Magnetic Materials	semapv:SemanticSimilarityThresholdMatching	0.780	0.6994	cosine	tamar-pairwise	Target covers optoelectronics
http://data.europa.eu/8mn/euroscivoc/ba914e3a-d949-4377-9dec-172842c43011	gender inequality	skos:broadMatch	https://tamar.dsd.sztaki.hu/taxonomies/asjc/3318	Gender Studies	semapv:SemanticSimilarityThresholdMatching	0.790	0.6991	cosine	tamar-pairwise	Target broader than source
http://data.europa.eu/8mn/euroscivoc/bb471542-b763-46c5-babd-c5669b5bca86	urban studies	skos:exactMatch	https://tamar.dsd.sztaki.hu/taxonomies/asjc/3322	Urban Studies	semapv:LexicalMatching	0.990	0.8483	cosine	tamar-pairwise	Identical urban studies concept
http://data.europa.eu/8mn/euroscivoc/bc439c68-e0c9-4af7-ac71-891e3b60761d	governance	skos:narrowMatch	https://tamar.dsd.sztaki.hu/taxonomies/asjc/3321	Public Administration	semapv:SemanticSimilarityThresholdMatching	0.850	0.6604	cosine	tamar-pairwise	Public admin subset governance
http://data.europa.eu/8mn/euroscivoc/bc599515-b5e0-4b5b-9c0a-1f794d197ed3	nuclear physics	skos:broadMatch	https://tamar.dsd.sztaki.hu/taxonomies/asjc/3106	Nuclear and High Energy Physics	semapv:SemanticSimilarityThresholdMatching	0.900	0.6529	cosine	tamar-pairwise	Target covers nuclear physics
http://data.europa.eu/8mn/euroscivoc/bce870dd-43f3-4656-8866-d76b0d71f5b8	chemical sciences	skos:closeMatch	https://tamar.dsd.sztaki.hu/taxonomies/asjc/1600	General Chemistry	semapv:SemanticSimilarityThresholdMatching	0.900	0.7730	cosine	tamar-pairwise	Broad chemistry category
http://data.europa.eu/8mn/euroscivoc/be9c7e2f-d88d-4e49-9116-ef752aeca290	genetic engineering	skos:broadMatch	https://tamar.dsd.sztaki.hu/taxonomies/asjc/1305	Biotechnology	semapv:SemanticSimilarityThresholdMatching	0.950	0.6551	cosine	tamar-pairwise	Target covers genetic engineering
http://data.europa.eu/8mn/euroscivoc/bf8aaaac-ddee-41cd-bb8a-c5a63de3fcbd	paediatrics	skos:broadMatch	https://tamar.dsd.sztaki.hu/taxonomies/asjc/2735	Pediatrics, Perinatology and Child Health	semapv:SemanticSimilarityThresholdMatching	0.920	0.7505	cosine	tamar-pairwise	Target covers pediatrics
http://data.europa.eu/8mn/euroscivoc/bf927f14-c975-45e6-bedd-a383152aa7d3	genetics	skos:exactMatch	https://tamar.dsd.sztaki.hu/taxonomies/asjc/1311	Genetics	semapv:LexicalMatching	0.980	0.6739	cosine	tamar-pairwise	Same genetics discipline
http://data.europa.eu/8mn/euroscivoc/bfb0bafd-7894-45ba-84fc-ddab5fd6c537	rheumatology	skos:exactMatch	https://tamar.dsd.sztaki.hu/taxonomies/asjc/2745	Rheumatology	semapv:LexicalMatching	0.990	0.7998	cosine	tamar-pairwise	Same medical specialty
http://data.europa.eu/8mn/euroscivoc/c11b78af-7d13-49d2-82d1-eefcd44f2ee4	nuclear medicine	skos:broadMatch	https://tamar.dsd.sztaki.hu/taxonomies/asjc/2741	Radiology, Nuclear Medicine and Imaging	semapv:SemanticSimilarityThresholdMatching	0.930	0.7082	cosine	tamar-pairwise	Target broader than source
http://data.europa.eu/8mn/euroscivoc/c18ce2ec-e8f5-4574-9fb7-5399b425410c	signal processing	skos:exactMatch	https://tamar.dsd.sztaki.hu/taxonomies/asjc/1711	Signal Processing	semapv:LexicalMatching	0.960	0.7945	cosine	tamar-pairwise	Same signal processing concept
http://data.europa.eu/8mn/euroscivoc/c1ac52eb-5dd5-442f-902c-c608d99c9314	paediatric cardiology	skos:broadMatch	https://tamar.dsd.sztaki.hu/taxonomies/asjc/2705	Cardiology and Cardiovascular Medicine	semapv:SemanticSimilarityThresholdMatching	0.860	0.6577	cosine	tamar-pairwise	Target covers paediatric cardiology
http://data.europa.eu/8mn/euroscivoc/c1ffa3c7-54c0-49e7-a617-718a62e6261c	ethology	skos:broadMatch	https://tamar.dsd.sztaki.hu/taxonomies/asjc/1103	Animal Science and Zoology	semapv:SemanticSimilarityThresholdMatching	0.820	0.6736	cosine	tamar-pairwise	Target includes ethology
http://data.europa.eu/8mn/euroscivoc/c35a5815-ee59-4223-88d0-1973837a6b58	development studies	skos:closeMatch	https://tamar.dsd.sztaki.hu/taxonomies/asjc/3303	Development	semapv:SemanticSimilarityThresholdMatching	0.780	0.6917	cosine	tamar-pairwise	Development studies subject area
http://data.europa.eu/8mn/euroscivoc/c3c03909-fc4b-4082-9de2-3a105efcb1aa	integrative and complementary medicine	skos:closeMatch	https://tamar.dsd.sztaki.hu/taxonomies/asjc/2707	Complementary and Alternative Medicine	semapv:SemanticSimilarityThresholdMatching	0.930	0.7406	cosine	tamar-pairwise	Equivalent medicine domain
http://data.europa.eu/8mn/euroscivoc/c3f7741c-652b-44cc-9062-491fc41aed2f	computer vision	skos:broadMatch	https://tamar.dsd.sztaki.hu/taxonomies/asjc/1707	Computer Vision and Pattern Recognition	semapv:SemanticSimilarityThresholdMatching	0.850	0.6883	cosine	tamar-pairwise	Target includes pattern recognition
http://data.europa.eu/8mn/euroscivoc/c4538836-ae58-4941-b544-50f53e979e20	orthopaedics	skos:broadMatch	https://tamar.dsd.sztaki.hu/taxonomies/asjc/2732	Orthopedics and Sports Medicine	semapv:SemanticSimilarityThresholdMatching	0.860	0.7197	cosine	tamar-pairwise	Target adds sports medicine
http://data.europa.eu/8mn/euroscivoc/c4793dfe-e80e-49dd-9fcc-a1a742de1b25	neurology	skos:closeMatch	https://tamar.dsd.sztaki.hu/taxonomies/asjc/2728	Neurology (clinical)	semapv:SemanticSimilarityThresholdMatching	0.930	0.6730	cosine	tamar-pairwise	Clinical neurology specialty
http://data.europa.eu/8mn/euroscivoc/c61cf6c6-8b52-4fbb-9b30-b09659e476cf	condensed matter physics	skos:exactMatch	https://tamar.dsd.sztaki.hu/taxonomies/asjc/3104	Condensed Matter Physics	semapv:LexicalMatching	0.990	0.6965	cosine	tamar-pairwise	Same physics discipline
http://data.europa.eu/8mn/euroscivoc/c835a32d-04c8-493b-9644-203414287c92	composites	skos:broadMatch	https://tamar.dsd.sztaki.hu/taxonomies/asjc/2503	Ceramics and Composites	semapv:SemanticSimilarityThresholdMatching	0.860	0.6511	cosine	tamar-pairwise	Target adds ceramics
http://data.europa.eu/8mn/euroscivoc/c935ff67-db21-4ea5-a2f5-6438712bd3ba	fermentation	skos:broadMatch	https://tamar.dsd.sztaki.hu/taxonomies/asjc/2402	Applied Microbiology and Biotechnology	semapv:SemanticSimilarityThresholdMatching	0.780	0.6782	cosine	tamar-pairwise	Target includes fermentation
http://data.europa.eu/8mn/euroscivoc/c9728fbc-c15b-4a5f-b343-a85c76601a3c	public services	skos:broadMatch	https://tamar.dsd.sztaki.hu/taxonomies/asjc/3321	Public Administration	semapv:SemanticSimilarityThresholdMatching	0.710	0.7127	cosine	tamar-pairwise	Target includes service delivery
http://data.europa.eu/8mn/euroscivoc/ca74d281-1a02-4330-bb9d-c37be452d597	transportation engineering	skos:broadMatch	https://tamar.dsd.sztaki.hu/taxonomies/asjc/2205	Civil and Structural Engineering	semapv:SemanticSimilarityThresholdMatching	0.930	0.6521	cosine	tamar-pairwise	Target covers transportation engineering
http://data.europa.eu/8mn/euroscivoc/cbb6f86d-b5c6-4649-9b06-3712653ca459	medical ethics	skos:narrowMatch	https://tamar.dsd.sztaki.hu/taxonomies/asjc/2910	Issues, Ethics and Legal Aspects	semapv:SemanticSimilarityThresholdMatching	0.750	0.6593	cosine	tamar-pairwise	Target subset of medical ethics
http://data.europa.eu/8mn/euroscivoc/cc4c298e-7c41-46b4-ac6c-6a2b71d476c5	data networks	skos:broadMatch	https://tamar.dsd.sztaki.hu/taxonomies/asjc/1705	Computer Networks and Communications	semapv:SemanticSimilarityThresholdMatching	0.850	0.6618	cosine	tamar-pairwise	Target heading covers data networks
http://data.europa.eu/8mn/euroscivoc/cdb31644-8d2d-4ac7-a421-162f01281f8f	isotope geochemistry	skos:broadMatch	https://tamar.dsd.sztaki.hu/taxonomies/asjc/1906	Geochemistry and Petrology	semapv:SemanticSimilarityThresholdMatching	0.960	0.7619	cosine	tamar-pairwise	Target covers isotope geochemistry
http://data.europa.eu/8mn/euroscivoc/cdeba421-3731-4be8-a49d-6616fb3a1c85	pattern recognition	skos:broadMatch	https://tamar.dsd.sztaki.hu/taxonomies/asjc/1707	Computer Vision and Pattern Recognition	semapv:SemanticSimilarityThresholdMatching	0.920	0.7591	cosine	tamar-pairwise	Target includes pattern recognition
http://data.europa.eu/8mn/euroscivoc/ce3293cb-700b-4b49-a91b-56ddfc97181f	embryology	skos:exactMatch	https://tamar.dsd.sztaki.hu/taxonomies/asjc/2710	Embryology	semapv:LexicalMatching	0.980	0.6944	cosine	tamar-pairwise	Same medical discipline
http://data.europa.eu/8mn/euroscivoc/cf763962-65d9-44ae-beb5-1bdcb7782839	innovation management	skos:closeMatch	https://tamar.dsd.sztaki.hu/taxonomies/asjc/1405	Management of Technology and Innovation	semapv:SemanticSimilarityThresholdMatching	0.900	0.7444	cosine	tamar-pairwise	Innovation management with technology focus
http://data.europa.eu/8mn/euroscivoc/cf97c48c-d28c-4928-b6d0-d7cad57be273	demography	skos:exactMatch	https://tamar.dsd.sztaki.hu/taxonomies/asjc/3317	Demography	semapv:LexicalMatching	0.990	0.6501	cosine	tamar-pairwise	Identical demographic discipline
http://data.europa.eu/8mn/euroscivoc/d0c600e4-4c54-45fb-a9c5-493a9467274b	monetary and finances	skos:closeMatch	https://tamar.dsd.sztaki.hu/taxonomies/asjc/2003	Finance	semapv:SemanticSimilarityThresholdMatching	0.860	0.7305	cosine	tamar-pairwise	Finance concept equivalence
http://data.europa.eu/8mn/euroscivoc/d1dd1bac-5313-4ab3-837f-4acd3ec521a7	endocrinology	skos:exactMatch	https://tamar.dsd.sztaki.hu/taxonomies/asjc/1310	Endocrinology	semapv:LexicalMatching	0.960	0.7353	cosine	tamar-pairwise	Same named discipline
http://data.europa.eu/8mn/euroscivoc/d2a63922-c4ee-42a3-bef3-77eb49ebfb03	urban engineering	skos:broadMatch	https://tamar.dsd.sztaki.hu/taxonomies/asjc/2205	Civil and Structural Engineering	semapv:SemanticSimilarityThresholdMatching	0.780	0.6714	cosine	tamar-pairwise	Target covers civil engineering
http://data.europa.eu/8mn/euroscivoc/d37e4d8c-a978-40c7-ba4f-eee841851073	gerontology	skos:closeMatch	https://tamar.dsd.sztaki.hu/taxonomies/asjc/2717	Geriatrics and Gerontology	semapv:SemanticSimilarityThresholdMatching	0.940	0.8412	cosine	tamar-pairwise	Geriatrics-gerontology combined field
http://data.europa.eu/8mn/euroscivoc/d3b09b78-ac5c-4fc3-b58a-9573daf0e304	physical sciences	skos:exactMatch	https://tamar.dsd.sztaki.hu/taxonomies/asjc/sa:physical-sciences	Physical Sciences	semapv:LexicalMatching	0.980			tamar-pairwise	Same physical sciences domain
http://data.europa.eu/8mn/euroscivoc/d5486acf-7f05-4e9d-80ce-f035987b41bc	forestry	skos:exactMatch	https://tamar.dsd.sztaki.hu/taxonomies/asjc/1107	Forestry	semapv:LexicalMatching	0.980	0.6767	cosine	tamar-pairwise	Same forestry discipline
http://data.europa.eu/8mn/euroscivoc/d65148fb-16db-4577-809d-e6c9c4aadead	freshwater biology	skos:broadMatch	https://tamar.dsd.sztaki.hu/taxonomies/asjc/1104	Aquatic Science	semapv:SemanticSimilarityThresholdMatching	0.900	0.6728	cosine	tamar-pairwise	Target includes marine systems
http://data.europa.eu/8mn/euroscivoc/d8bca3d6-cd94-4597-8d72-39fd31699728	microbiology	skos:exactMatch	https://tamar.dsd.sztaki.hu/taxonomies/asjc/2404	Microbiology	semapv:LexicalMatching	0.990	0.6579	cosine	tamar-pairwise	Same discipline and label
http://data.europa.eu/8mn/euroscivoc/d90d8dbf-c4b3-46c0-bf2c-55a4a3d9ba8b	urology	skos:exactMatch	https://tamar.dsd.sztaki.hu/taxonomies/asjc/2748	Urology	semapv:LexicalMatching	0.980	0.7714	cosine	tamar-pairwise	Same medical specialty
http://data.europa.eu/8mn/euroscivoc/d93ad0fc-d33c-4327-8525-6e40f0ffeb65	hydraulic engineering	skos:broadMatch	https://tamar.dsd.sztaki.hu/taxonomies/asjc/2205	Civil and Structural Engineering	semapv:SemanticSimilarityThresholdMatching	0.850	0.7392	cosine	tamar-pairwise	Target covers hydraulic engineering
http://data.europa.eu/8mn/euroscivoc/dc1b3723-476f-453c-a596-c7ccfde9b4b1	analytical chemistry	skos:exactMatch	https://tamar.dsd.sztaki.hu/taxonomies/asjc/1602	Analytical Chemistry	semapv:LexicalMatching	0.990	0.7537	cosine	tamar-pairwise	Same analytical chemistry concept
http://data.europa.eu/8mn/euroscivoc/dc9a4100-9eb3-4956-8fd8-b67ea07a70ad	materials engineering	skos:narrowMatch	https://tamar.dsd.sztaki.hu/taxonomies/asjc/2503	Ceramics and Composites	semapv:SemanticSimilarityThresholdMatching	0.920	0.6600	cosine	tamar-pairwise	Target subset of source
http://data.europa.eu/8mn/euroscivoc/dd6b64d9-afef-4d5e-8a93-6c251d2565cf	computational science	skos:narrowMatch	https://tamar.dsd.sztaki.hu/taxonomies/asjc/2614	Theoretical Computer Science	semapv:LexicalMatching	0.780			tamar-pairwise	Source broader than target
http://data.europa.eu/8mn/euroscivoc/dde8eea3-9315-4c49-8464-f26a2deb949f	biochemistry	skos:exactMatch	https://tamar.dsd.sztaki.hu/taxonomies/asjc/1303	Biochemistry	semapv:LexicalMatching	0.970	0.7087	cosine	tamar-pairwise	Same biochemistry discipline
http://data.europa.eu/8mn/euroscivoc/def14567-b1dc-4d54-b49b-3e3c59193839	earthquake engineering	skos:broadMatch	https://tamar.dsd.sztaki.hu/taxonomies/asjc/2205	Civil and Structural Engineering	semapv:SemanticSimilarityThresholdMatching	0.900	0.6740	cosine	tamar-pairwise	Target covering broader field
http://data.europa.eu/8mn/euroscivoc/df7b86b0-f489-4cac-9466-22ce145839b2	molecular genetics	skos:broadMatch	https://tamar.dsd.sztaki.hu/taxonomies/asjc/1300	General Biochemistry, Genetics and Molecular Biology	semapv:SemanticSimilarityThresholdMatching	0.800	0.6774	cosine	tamar-pairwise	Target covers many areas
http://data.europa.eu/8mn/euroscivoc/df8c6f43-32b3-44f4-a863-f0ac77994f7a	combined heat and power	skos:broadMatch	https://tamar.dsd.sztaki.hu/taxonomies/asjc/2102	Energy Engineering and Power Technology	semapv:SemanticSimilarityThresholdMatching	0.860	0.6591	cosine	tamar-pairwise	Target covers cogeneration
http://data.europa.eu/8mn/euroscivoc/dfdf9f37-abb1-4ea8-90d5-b757433d0ccb	ultrasound	skos:broadMatch	https://tamar.dsd.sztaki.hu/taxonomies/asjc/3102	Acoustics and Ultrasonics	semapv:SemanticSimilarityThresholdMatching	0.900	0.7278	cosine	tamar-pairwise	Target covers ultrasound
http://data.europa.eu/8mn/euroscivoc/e0e6ab19-9e03-4033-bc70-d0d1affa0ce1	metabolic engineering	skos:broadMatch	https://tamar.dsd.sztaki.hu/taxonomies/asjc/2402	Applied Microbiology and Biotechnology	semapv:SemanticSimilarityThresholdMatching	0.800	0.6576	cosine	tamar-pairwise	Target covers metabolic engineering
http://data.europa.eu/8mn/euroscivoc/e157f837-ea12-40c3-be80-cc7e5e91ea07	structural biology	skos:exactMatch	https://tamar.dsd.sztaki.hu/taxonomies/asjc/1315	Structural Biology	semapv:LexicalMatching	0.990	0.8561	cosine	tamar-pairwise	Identical structural biology concept
http://data.europa.eu/8mn/euroscivoc/e27cd9b6-055c-480d-8d63-e2d366ca94d7	economics	skos:closeMatch	https://tamar.dsd.sztaki.hu/taxonomies/asjc/2002	Economics and Econometrics	semapv:SemanticSimilarityThresholdMatching	0.820	0.7652	cosine	tamar-pairwise	Same field scope
http://data.europa.eu/8mn/euroscivoc/e2a7fab2-7027-40e8-b189-f401a23818c8	pharmacology and pharmacy	skos:broadMatch	https://tamar.dsd.sztaki.hu/taxonomies/asjc/3000	General Pharmacology, Toxicology and Pharmaceutics	semapv:SemanticSimilarityThresholdMatching	0.860	0.7064	cosine	tamar-pairwise	Target adds toxicology
http://data.europa.eu/8mn/euroscivoc/e2c0aa46-c26e-468a-8800-45e85e038ec2	internet	skos:broadMatch	https://tamar.dsd.sztaki.hu/taxonomies/asjc/1705	Computer Networks and Communications	semapv:SemanticSimilarityThresholdMatching	0.780	0.6850	cosine	tamar-pairwise	Target covers internet
http://data.europa.eu/8mn/euroscivoc/e437ed99-4a4e-4fb3-af7e-fae6a2c2a800	computer and information sciences	skos:closeMatch	https://tamar.dsd.sztaki.hu/taxonomies/asjc/1700	General Computer Science	semapv:SemanticSimilarityThresholdMatching	0.930	0.7023	cosine	tamar-pairwise	Broad computer science category
http://data.europa.eu/8mn/euroscivoc/e56eb495-973e-46c1-b2b2-a446852952f4	transport	skos:closeMatch	https://tamar.dsd.sztaki.hu/taxonomies/asjc/3313	Transportation	semapv:SemanticSimilarityThresholdMatching	0.880	0.7264	cosine	tamar-pairwise	Equivalent transportation concepts
http://data.europa.eu/8mn/euroscivoc/e60d2b6c-d516-498d-b4eb-005f183b4eec	environmental law	skos:broadMatch	https://tamar.dsd.sztaki.hu/taxonomies/asjc/2308	Management, Monitoring, Policy and Law	semapv:SemanticSimilarityThresholdMatching	0.850	0.6804	cosine	tamar-pairwise	Target covers broader scope
http://data.europa.eu/8mn/euroscivoc/e70766ba-ef8c-4a4c-b67b-ed761bf314a2	functional equations	skos:broadMatch	https://tamar.dsd.sztaki.hu/taxonomies/asjc/2603	Analysis	semapv:SemanticSimilarityThresholdMatching	0.860	0.6740	cosine	tamar-pairwise	Target covers functional equations
http://data.europa.eu/8mn/euroscivoc/e7264d76-d85b-474f-a0c4-a4cf98f198df	power engineering	skos:broadMatch	https://tamar.dsd.sztaki.hu/taxonomies/asjc/2102	Energy Engineering and Power Technology	semapv:SemanticSimilarityThresholdMatching	0.850	0.7035	cosine	tamar-pairwise	Target includes broader energy topics
http://data.europa.eu/8mn/euroscivoc/e7e1c80b-2874-482d-bd67-ce672af5cfb4	critical care medicine	skos:closeMatch	https://tamar.dsd.sztaki.hu/taxonomies/asjc/2706	Critical Care and Intensive Care Medicine	semapv:SemanticSimilarityThresholdMatching	0.990	0.7687	cosine	tamar-pairwise	Exact critical care discipline
http://data.europa.eu/8mn/euroscivoc/e92b8f60-d91e-4d7f-81e7-37f9a13d1870	solar radiation	skos:broadMatch	https://tamar.dsd.sztaki.hu/taxonomies/asjc/3108	Radiation	semapv:SemanticSimilarityThresholdMatching	0.920	0.7066	cosine	tamar-pairwise	Target covers more than source
http://data.europa.eu/8mn/euroscivoc/e92e8adc-8256-4a4c-a052-b3cad420db7d	anaesthesiology	skos:broadMatch	https://tamar.dsd.sztaki.hu/taxonomies/asjc/2703	Anesthesiology and Pain Medicine	semapv:SemanticSimilarityThresholdMatching	0.900	0.6602	cosine	tamar-pairwise	Target includes pain medicine
http://data.europa.eu/8mn/euroscivoc/e9b542e3-aca9-4ff3-b906-72b6cd838a29	geological engineering	skos:closeMatch	https://tamar.dsd.sztaki.hu/taxonomies/asjc/1909	Geotechnical Engineering and Engineering Geology	semapv:SemanticSimilarityThresholdMatching	0.940	0.7634	cosine	tamar-pairwise	Geotechnical and geological engineering
http://data.europa.eu/8mn/euroscivoc/ea09ce79-b78c-45dd-8fb1-767de5ad3162	image recognition	skos:broadMatch	https://tamar.dsd.sztaki.hu/taxonomies/asjc/1707	Computer Vision and Pattern Recognition	semapv:SemanticSimilarityThresholdMatching	0.880	0.6674	cosine	tamar-pairwise	Target covers image recognition
http://data.europa.eu/8mn/euroscivoc/ea0a553e-d35a-43ca-9bc2-a75f32da5c79	industrial relations	skos:exactMatch	https://tamar.dsd.sztaki.hu/taxonomies/asjc/1410	Industrial Relations	semapv:LexicalMatching	0.960	0.7576	cosine	tamar-pairwise	Same industrial relations concept
http://data.europa.eu/8mn/euroscivoc/ea52495a-6353-47ee-ba16-796f9567471c	mathematical logic	skos:broadMatch	https://tamar.dsd.sztaki.hu/taxonomies/asjc/2609	Logic	semapv:SemanticSimilarityThresholdMatching	0.930	0.6942	cosine	tamar-pairwise	Logic covers mathematical logic
http://data.europa.eu/8mn/euroscivoc/ea994073-d367-4ed7-9df3-4477a9c6cf6f	mechanical engineering	skos:exactMatch	https://tamar.dsd.sztaki.hu/taxonomies/asjc/2210	Mechanical Engineering	semapv:LexicalMatching	0.980	0.7378	cosine	tamar-pairwise	Same engineering discipline
http://data.europa.eu/8mn/euroscivoc/ec42c1af-69f5-4d98-ad25-529315c5ffe0	planetary geology	skos:broadMatch	https://tamar.dsd.sztaki.hu/taxonomies/asjc/1907	Geology	semapv:SemanticSimilarityThresholdMatching	0.880	0.7076	cosine	tamar-pairwise	Target covers all geology
http://data.europa.eu/8mn/euroscivoc/ece8d70d-2311-4d6d-ae12-473fc5c09a5d	sustainable architecture	skos:broadMatch	https://tamar.dsd.sztaki.hu/taxonomies/asjc/2216	Architecture	semapv:SemanticSimilarityThresholdMatching	0.920	0.6982	cosine	tamar-pairwise	Target covers sustainable architecture
http://data.europa.eu/8mn/euroscivoc/f08d8dbc-70a6-4d8c-8f83-62e58a17bf2d	food safety	skos:broadMatch	https://tamar.dsd.sztaki.hu/taxonomies/asjc/1106	Food Science	semapv:SemanticSimilarityThresholdMatching	0.840	0.6833	cosine	tamar-pairwise	Food Science includes safety
http://data.europa.eu/8mn/euroscivoc/f2b83c17-acee-484f-bf99-d4769070e54e	evolutionary ecology	skos:broadMatch	https://tamar.dsd.sztaki.hu/taxonomies/asjc/1105	Ecology, Evolution, Behavior and Systematics	semapv:SemanticSimilarityThresholdMatching	0.930	0.7427	cosine	tamar-pairwise	Target aggregates evolution and ecology
http://data.europa.eu/8mn/euroscivoc/f39a5a59-d030-4697-aa22-29fa23291434	reproductive medicine	skos:exactMatch	https://tamar.dsd.sztaki.hu/taxonomies/asjc/2743	Reproductive Medicine	semapv:LexicalMatching	0.990	0.7124	cosine	tamar-pairwise	Same medical specialty
http://data.europa.eu/8mn/euroscivoc/f4b43889-2563-4b75-bf8d-eff41cd43622	dental implantology	skos:broadMatch	https://tamar.dsd.sztaki.hu/taxonomies/asjc/3504	Oral Surgery	semapv:SemanticSimilarityThresholdMatching	0.700	0.6814	cosine	tamar-pairwise	Target covers dental implants
http://data.europa.eu/8mn/euroscivoc/f4cb5fb7-3942-47b0-855c-3d9fca817513	automotive engineering	skos:exactMatch	https://tamar.dsd.sztaki.hu/taxonomies/asjc/2203	Automotive Engineering	semapv:LexicalMatching	0.990	0.7380	cosine	tamar-pairwise	Same automotive engineering field
http://data.europa.eu/8mn/euroscivoc/f58015a8-2f96-4d60-ab00-5b1be92f2b80	hybrid energy	skos:broadMatch	https://tamar.dsd.sztaki.hu/taxonomies/asjc/2105	Renewable Energy, Sustainability and the Environment	semapv:SemanticSimilarityThresholdMatching	0.880	0.7278	cosine	tamar-pairwise	Target covers hybrid energy
http://data.europa.eu/8mn/euroscivoc/f6e18c52-6087-4662-904c-5c4b8174e40e	pneumology	skos:closeMatch	https://tamar.dsd.sztaki.hu/taxonomies/asjc/2740	Pulmonary and Respiratory Medicine	semapv:SemanticSimilarityThresholdMatching	0.980	0.7421	cosine	tamar-pairwise	Equivalent medical specialty
http://data.europa.eu/8mn/euroscivoc/f8714203-d97f-4852-b051-3b63b2795faa	political sciences	skos:closeMatch	https://tamar.dsd.sztaki.hu/taxonomies/asjc/3320	Political Science and International Relations	semapv:SemanticSimilarityThresholdMatching	0.900	0.7031	cosine	tamar-pairwise	Political science discipline overlap
http://data.europa.eu/8mn/euroscivoc/fa2ceeab-3b2f-45e9-9243-e5a8005b98de	infectious diseases	skos:exactMatch	https://tamar.dsd.sztaki.hu/taxonomies/asjc/2725	Infectious Diseases	semapv:LexicalMatching	0.990			tamar-pairwise	Same medical subject
http://data.europa.eu/8mn/euroscivoc/fa9934c6-3223-4927-a17b-0095b3e73ae7	medical laboratory technology	skos:exactMatch	https://tamar.dsd.sztaki.hu/taxonomies/asjc/3607	Medical Laboratory Technology	semapv:LexicalMatching	0.990	0.7295	cosine	tamar-pairwise	Identical medical technology concept
http://data.europa.eu/8mn/euroscivoc/ff90b6be-370f-4b0c-a92a-ddf159df1b88	electrophoresis	skos:broadMatch	https://tamar.dsd.sztaki.hu/taxonomies/asjc/1602	Analytical Chemistry	semapv:SemanticSimilarityThresholdMatching	0.780	0.6587	cosine	tamar-pairwise	Target covers many techniques
