uri,notation,WoS label,Frascati Id,Frascati short name,Frascati level,,,
1,,acoustics,31048484,Acoustics,5,,,
2,,agricultural economics & policy,31050900,Agricultural economics,5,,,
3,,agricultural engineering,31050883,Agricultural engineering,5,,,
4,,agriculture multidisciplinary,31049860,Agriculture,5,,,
5,,"agriculture, dairy & animal science",31050826,Animal and dairy science,5,,,
6,,"agriculture, multidisciplinary",31049860,Agriculture,5,,,
7,,agronomy,31050788,Agronomy,5,,,
8,,allergy,31050444,Allergy,5,19,,
9,,anatomy & morphology,31050293,Anatomy and morphology,5,,,
10,,andrology,31050381,Andrology,5,,,
11,,anesthesiology,31050415,Anaesthesiology,5,,,
12,,anthropology,31051011,"Anthropology, ethnology",5,,,
13,,archaeology,31051152,Archaeology,5,,,
14,,architecture,,,,,,
15,,area studies,,,,,,
16,,art,31051191,"Arts, Art history",5,,,
17,,asian studies,,,,,,
18,,astronomy & astrophysics,31048485,"Astronomy (including astrophysics, space science)",5,,,
19,,audiology & speech-language pathology,31050477,Audiology,,,,
20,,automation & control systems,31049126,Automation and control systems,5,,,
21,,automation control systems,31049126,Automation and control systems,5,,,
22,,behavioral sciences,31050923,Behavioural sciences,6,,,
23,,biochemical research methods,31048846,Biochemical research methods,5,,,
24,,biochemistry & molecular biology,31048817,Biochemistry and molecular biology,5,,,
25,,biochemistry molecular biology,31048817,Biochemistry and molecular biology,5,,,
26,,biodiversity conservation,31049007,"Biodiversity, conservation biology, conservation g",6,,,
27,,biology,31049013,"Biology (theoretical, mathematical, thermal, cryob",5,,,
28,,biophysics,31048849,Biophysics,5,,,
29,,biotechnology & applied microbiology,31049425,"Biotechnology (non-medical), bioreactors, applied",6,,,
30,,biotechnology applied microbiology,31049425,"Biotechnology (non-medical), bioreactors, applied",6,,,
31,,business,31050967,Business and Management,5,,,
32,,"business, finance",,,,,,
33,,cardiac & cardiovascular systems,31050386,Cardiac and Cardiovascular systems,5,,,
34,,cardiac cardiovascular systems,31050386,Cardiac and Cardiovascular systems,5,,,
35,,cell & tissue engineering,31050705,Tissue engineering,6,,,
36,,cell biology,31048788,"Cell biology, Microbiology",5,,,
37,,chemistry analytical,31048584,Analytical chemistry,5,,,
38,,chemistry applied,,,,,,
39,,chemistry inorganic nuclear,31048550,Inorganic and nuclear chemistry,5,,,
40,,chemistry multidisciplinary,,,,,,
41,,chemistry physical,31048561,Physical chemistry,6,,,
42,,"chemistry, analytical",31048584,Analytical chemistry,5,,,
43,,"chemistry, applied",,,,,,
44,,"chemistry, inorganic & nuclear",31048550,Inorganic and nuclear chemistry,5,,,
45,,"chemistry, medicinal",31050727,Medicinal chemistry,6,,,
46,,"chemistry, multidisciplinary",,,,,,
47,,"chemistry, organic",31048535,Organic chemistry,5,,,
48,,"chemistry, physical",31048561,Physical chemistry,6,,,
49,,classics,31051169,"Classics, ancient Greek and Latin literature and a",6,,,
50,,clinical neurology,31050486,Clinical neurology,5,,,
51,,communication,31051096,Media and communications,4,,,
52,,computer science artificial intelligence,31048410,"Artificial intelligence, intelligent systems, mult",6,,,
53,,computer science cybernetics,31049121,"Intelligent robotics, cybernetics",6,,,
54,,computer science information systems,31048414,"Web and information systems, database systems, inf",6,,,
55,,computer science interdisciplinary applications,,,,,,
56,,computer science software engineering,31048406,"Software engineering, operating systems, computer",6,,,
57,,"computer science, artificial intelligence",31048410,"Artificial intelligence, intelligent systems, mult",6,,,
58,,"computer science, cybernetics",31049121,"Intelligent robotics, cybernetics",6,,,
59,,"computer science, hardware & architecture",31049144,Computer hardware and architecture,5,,,
60,,"computer science, information systems",31048414,"Web and information systems, database systems, inf",6,,,
61,,"computer science, interdisciplinary applications",,,,,,
62,,"computer science, software engineering",31048406,"Software engineering, operating systems, computer",6,,,
63,,"computer science, theory & methods",31048407,"Theoretical computer science, formal methods, quan",6,,,
64,,construction & building technology,31049063,"Construction engineering, Municipal and structural",5,,,
65,,criminology & penology,31051025,"Law, criminology, penology",5,,,
66,,critical care medicine,31050412,Critical care medicine and Emergency medicine,5,,,
67,,crystallography,31048611,Crystallography and X-ray diffraction,6,,,
68,,cultural studies,31051101,"Cultural studies, cultural diversity",5,,,
69,,dance,31051201,"Performing arts studies (Musicology, Theater scien",5,,,
70,,demography,31051009,Demography,5,,,
71,,dentistry oral surgery medicine,31050438,"Dentistry, oral surgery and medicine",5,,,
72,,"dentistry, oral surgery & medicine",31050438,"Dentistry, oral surgery and medicine",5,,,
73,,dermatology,31050443,Dermatology and venereal diseases,5,,,
74,,development studies,,,,,,
75,,developmental biology,31048887,Developmental biology,,,,
76,,ecology,31048971,Ecology,5,,,
77,,economics,31050946,"Economics, Econometrics",5,,,
78,,education & educational research,31050983,Educational sciences,4,,,
79,,"education, scientific disciplines",31051056,Science education,7,,,
80,,"education, special",31050999,"Education, special (to gifted persons, those with learning disabilities)",5,,,
81,,electrochemistry,31048578,"Electrochemistry, electrodialysis, microfluidics,",6,,,
82,,emergency medicine,31050413,Emergency medicine,6,,,
83,,endocrinology & metabolism,31050447,"Endocrinology and metabolism (including diabetes,",5,,,
84,,endocrinology metabolism,31050447,"Endocrinology and metabolism (including diabetes,",5,,,
85,,energy & fuels,,,,,,
86,,energy fuels,,,,,,
87,,engineering biomedical,31049202,"Medical engineering, biomedical engineering and te",6,,,
88,,engineering chemical,31049178,Chemical engineering,4,,,
89,,engineering electrical electronic,31049118,Electrical and electronic engineering,5,,,
90,,engineering environmental,31053953,Environmental engineering,4,,,
91,,engineering multidisciplinary,,,,,,
92,,"engineering, aerospace",31049175,Aerospace engineering,5,,,
93,,"engineering, biomedical",31049202,"Medical engineering, biomedical engineering and te",6,,,
94,,"engineering, chemical",31049178,Chemical engineering,4,,,
95,,"engineering, civil",31049044,Civil engineering,5,,,
96,,"engineering, electrical & electronic",31049118,Electrical and electronic engineering,5,,,
97,,"engineering, environmental",31049213,"Environmental and geological engineering, geotechn",5,,,
98,,"engineering, geological",31049213,"Environmental and geological engineering, geotechn",5,,,
99,,"engineering, industrial",,,,,,
100,,"engineering, manufacturing",31049148,"Mechanical and manufacturing engineering (shaping,",6,,,
101,,"engineering, marine",31049401,Marine engineering,5,,,
102,,"engineering, mechanical",31049147,Mechanical engineering,5,0,500,
103,,"engineering, multidisciplinary",,,,,,
104,,"engineering, ocean",31049151,Ocean engineering,5,0,500,
105,,"engineering, petroleum",31049218,"Energy, fuels and petroleum engineering",5,5,,
106,,entomology,31048942,Entomology,6,,,
107,,environmental sciences,31048669,Environmental sciences,5,,,
108,,environmental studies,31048669,Environmental sciences,5,,,
109,,ergonomics,31050128,Ergonomic and Human factors,6,,,
110,,ethics,31051186,Ethics (except ethics related to specific subfield,5,,,
111,,ethnic studies,31051012,Ethnography,6,,,
112,,evolutionary biology,31049014,Evolutionary biology,6,,,
113,,family studies,31051023,"Family studies, Social work",5,,,
114,,"film, radio, television",31051204,"Studies on Film, Radio and Television",5,,,
115,,fisheries,31048692,"Aquaculture, fisheries",6,,,
116,,folklore,31051203,Folklore studies,5,,,
117,,food science & technology,31049443,Food sciences,6,,,
118,,food science technology,31049443,Food sciences,6,,,
119,,forestry,31049346,Forestry,5,,,
120,,gastroenterology & hepatology,31050466,Gastroenterology and hepatology,5,,,
121,,gastroenterology hepatology,31050466,Gastroenterology and hepatology,5,,,
122,,genetics & heredity,31048863,Genetics and heredity,5,,,
123,,genetics heredity,31048863,Genetics and heredity,5,,,
124,,geochemistry & geophysics,31048658,Geochemistry and geophysics,5,,,
125,,geography,31048641,Earth and related Environmental sciences,4,,,
126,,"geography, physical",31048662,Physical geography,5,,,
127,,geology,31048664,Geology,5,,,
128,,geosciences multidisciplinary,31048642,"Geosciences, multidisciplinary",5,,,
129,,"geosciences, multidisciplinary",31048642,"Geosciences, multidisciplinary",5,,,
130,,geriatrics & gerontology,31050487,Geriatrics and gerontology,5,,,
131,,gerontology,31050487,Geriatrics and gerontology,5,,,
132,,green & sustainable science & technology,,,,,,
133,,health care sciences & services,31050511,Health care sciences and services (including hospi,5,,,
134,,health care sciences services,31050511,Health care sciences and services (including hospi,5,,,
135,,health policy & services,31050531,Health policy and services,5,,,
136,,health policy services,31050531,Health policy and services,5,,,
137,,hematology,31050410,Hematology,5,,,
138,,history,31051121,History,5,,,
139,,history & philosophy of science,31051135,History of science and technology,6,,,
140,,history of social sciences,,,,,,
141,,horticulture,31050779,"Horticulture, viticulture",5,,,
142,,"hospitality, leisure, sport & tourism",,,,,,
143,,"humanities, multidisciplinary",,,,,,
144,,imaging science & photographic technology,,,,,,
145,,immunology,31050306,Immunology,5,,,
146,,industrial relations & labor,31050964,Industrial relations,5,,,
147,,infectious diseases,31050610,Infectious diseases,5,,,
148,,information science & library science,31051099,Library science,5,,,
149,,information science library science,31051099,Library science,5,,,
150,,instruments & instrumentation,31048631,Instrumentation and Instrumental techniques,6,,,
151,,instruments instrumentation,31048631,Instrumentation and Instrumental techniques,6,,,
152,,integrative & complementary medicine,31050501,Integrative and complementary medicine (alternativ,5,,,
153,,international relations,31051029,International relations,6,,,
154,,language & linguistics,31051175,Linguistics,5,,,
155,,law,31051025,"Law, criminology, penology",5,,,
156,,limnology,31048970,Limnology,5,,,
157,,linguistics,31051175,Linguistics,5,,,
158,,literary reviews,31051164,Languages and Literature,4,,,
159,,literary theory & criticism,31051164,Languages and Literature,4,31051172,Literary theory,5
160,,literature,31051164,Languages and Literature,4,,,
161,,"literature, british isles",31051164,Languages and Literature,4,,,
162,,"literature, german, dutch, scandinavian",31051164,Languages and Literature,4,,,
163,,"literature, romance",31051164,Languages and Literature,4,,,
164,,"literature, slavic",31051164,Languages and Literature,4,,,
165,,logic,31048367,Logic and foundations,6,,,
166,,management,,,,,,
167,,marine & freshwater biology,31048964,Freshwater biology,5,31048948,Marine biology,5
168,,marine freshwater biology,31048964,Freshwater biology,5,31048948,Marine biology,5
169,,materials science multidisciplinary,,,,,,
170,,"materials science, biomaterials",31050713,"Biomaterials (as related to medical implants, devi",5,,,
171,,"materials science, ceramics",31049192,Ceramics,5,,,
172,,"materials science, characterization & testing",31049438,Characterization methods of materials,6,,,
173,,"materials science, coatings & films",31049193,Coating and films,5,,,
174,,"materials science, composites",31049198,"Composites (including laminates, reinforced plasti",5,,,
175,,"materials science, multidisciplinary",,,,,,
176,,"materials science, paper & wood",31049200,Paper and wood,5,,,
177,,"materials science, textiles",31049201,"Textiles including synthetic dyes, colours, fibres",5,,,
178,,mathematical & computational biology,31048854,Computational biology,6,,,
179,,mathematics,31048365,Mathematics,4,,,
180,,mathematics applied,31048366,"Pure mathematics, Applied mathematics",5,,,
181,,"mathematics, applied",31048366,"Pure mathematics, Applied mathematics",5,,,
182,,"mathematics, interdisciplinary applications",,,,,,
183,,mechanics,31049173,Applied mechanics,5,,,
184,,medical ethics,31050696,Medical ethics,5,,,
185,,medical informatics,31048404,"Bioinformatics, e-Health, medical informatics",6,,,
186,,medical laboratory technology,,,,,,
187,,medicine general internal,,,,,,
188,,medicine research experimental,,,,,,
189,,"medicine, general & internal",,,,,,
190,,"medicine, legal",,,,,,
191,,"medicine, research & experimental",,,,,,
192,,medieval & renaissance studies,31051126,Medieval history,6,,,
193,,metallurgy & metallurgical engineering,31049164,Metallurgy,6,,,
194,,meteorology & atmospheric sciences,31048673,Meteorology and atmospheric sciences,5,,,
195,,microbiology,31048789,Microbiology,6,,,
196,,microscopy,31048605,Microscopy,6,,,
197,,mineralogy,31048649,Mineralogy,5,,,
198,,mining & mineral processing,31049400,Mining and mineral processing,5,,,
199,,multidisciplinary sciences,,,,,,
200,,music,31051202,"Music and musicology, history of music",6,,,
201,,mycology,31048848,Mycology,5,,,
202,,nanoscience & nanotechnology,31049436,Nano-technology,4,31049185,"Nanotechnology, nano-materials, nano engineering",6
203,,neuroimaging,31048426,Neuroimaging and computational neuroscience,6,,,
204,,neurosciences,31050318,Neurosciences (including psychophysiology),5,,,
205,,nuclear science & technology,,,,,,
206,,nursing,31050535,Nursing,5,,,
207,,nutrition & dietetics,31050536,"Nutrition, Dietetics",5,,,
208,,nutrition dietetics,31050536,"Nutrition, Dietetics",5,,,
209,,obstetrics & gynecology,31050382,Obstetrics and gynaecology,5,,,
210,,obstetrics gynecology,31050382,Obstetrics and gynaecology,5,,,
211,,oceanography,31048680,Oceanography,5,,,
212,,oncology,31050470,Oncology,5,,,
213,,operations research & management science,,,,,,
214,,ophthalmology,31050475,Ophthalmology,5,,,
215,,optics,31048479,Optics (including laser optics and quantum optics),5,,,
216,,ornithology,31048930,"Zoology, Ornithology, Entomology, Behavioural scie",5,,,
217,,orthopedics,31050416,Orthopaedics,5,,,
218,,otorhinolaryngology,31050476,Otorhinolaryngology,5,,,
219,,paleontology,31048653,Palaeontology,5,,,
220,,parasitology,31048806,Parasitology,5,,,
221,,pathology,31050376,Pathology,5,,,
222,,pediatrics,31050385,Paediatrics,,,,
223,,peripheral vascular disease,31050409,Peripheral vascular disease,5,,,
224,,pharmacology & pharmacy,31050342,Pharmacology and pharmacy,5,,,
225,,pharmacology pharmacy,31050342,Pharmacology and pharmacy,5,,,
226,,philosophy,31051182,"Philosophy, History and philosophy of science and",5,,,
227,,physics condensed matter,31048442,Condensed matter physics (including formerly solid,5,,,
228,,physics multidisciplinary,,,,,,
229,,"physics, applied",,,,,,
230,,"physics, atomic, molecular & chemical",31048433,"Atomic, molecular and chemical physics (physics of",5,,,
231,,"physics, condensed matter",31048442,Condensed matter physics (including formerly solid,5,,,
232,,"physics, fluids & plasmas",31048474,Fluids and plasma physics (including surface physi,5,,,
233,,"physics, mathematical",31048379,Mathematical physics,6,,,
234,,"physics, multidisciplinary",,,,,,
235,,"physics, nuclear",31048472,Nuclear physics,5,,,
236,,"physics, particles & fields",31048466,Particles and fields physics,5,,,
237,,physiology,31050373,Physiology (including cytology),5,,,
238,,plant sciences,31048898,"Plant sciences, botany",5,,,
239,,political science,31051035,Political science,5,,,
240,,polymer science,31048560,"Physical chemistry, Polymer science, Electrochemis",5,,,
241,,primary health care,,,,,,
242,,psychiatry,31050481,Psychiatry,5,,,
243,,psychology,31050910,Psychology,4,,,
244,,psychology clinical,31050918,Clinical psychology,6,,,
245,,"psychology, applied",31050927,Applied psychology,6,,,
246,,"psychology, biological",,,,,,
247,,"psychology, clinical",31050918,Clinical psychology,6,,,
248,,"psychology, developmental",31050932,Developmental psychology,6,,,
249,,"psychology, educational",31050934,Educational psychology,6,,,
250,,"psychology, experimental",31050935,Experimental psychology,6,,,
251,,"psychology, mathematical",,,,,,
252,,"psychology, multidisciplinary",31050910,Psychology,4,,,
253,,"psychology, psychoanalysis",,,,,,
254,,"psychology, social",31050917,Social psychology,6,,,
255,,public administration,31050954,Public administration,5,,,
256,,public environmental occupational health,31050540,Public and environmental health,5,31050675,Occupational health,
257,,"public, environmental & occupational health",31050540,Public and environmental health,5,,,
258,,quantum science & technology,,,,"nem egyértelmű, sok lehetőség van",,
259,,radiology nuclear medicine medical imaging,31050426,"Radiology, nuclear medicine and medical imaging",5,,,
260,,"radiology, nuclear medicine & medical imaging",31050426,"Radiology, nuclear medicine and medical imaging",5,,,
261,,regional & urban planning,31051086,"Urbanization and urban planning, cities",6,,,
262,,rehabilitation,31050685,Rehabilitation,7,,,
263,,religion,31051188,Religious studies,5,,,
264,,remote sensing,31049399,Remote sensing,5,,,
265,,reproductive biology,31048884,Reproductive biology,5,,,
266,,respiratory system,31050411,Respiratory systems,5,,,
267,,rheumatology,31050446,Rheumatology,5,,,
268,,robotics,31049124,Robotics and automatic control,5,,,
269,,social issues,31051021,Social issues,5,,,
270,,social sciences interdisciplinary,31051108,"Social sciences, interdisciplinary",5,,,
271,,"social sciences, biomedical",,,,,,
272,,"social sciences, interdisciplinary",,,,,,
273,,"social sciences, mathematical methods",,,,,,
274,,social work,31051023,"Family studies, Social work",5,,,
275,,sociology,31051000,Sociology,5,,,
276,,soil science,31048656,Soil science,5,,,
277,,spectroscopy,31048592,Spectroscopy,6,,,
278,,sport sciences,31050680,Sport and fitness sciences,5,,,
279,,statistics & probability,31048390,"Statistics and probability (This includes research on statistical methodologies, but excludes research on applied statistics which should be classified under the relevant field of application (e.g. Economics, Sociology, etc.)",5,,,
280,,substance abuse,31050697,Substance abuse,5,,,
281,,surgery,31050418,Surgery,5,,,
282,,telecommunications,31049140,Communication engineering and systems telecommunications,5,,,
283,,theater,31051201,"Performing arts studies (Musicology, Theater science, Dramaturgy)",5,,,
284,,thermodynamics,31048461,Thermodynamics,5,,,
285,,toxicology,31048814,Toxicology,5,,,
286,,transplantation,31050437,Transplantation,5,,,
287,,transportation,31051090,"Mobility, tourism, transportation and logistics",6,,,
288,,transportation science & technology,31051090,"Mobility, tourism, transportation and logistics",6,,,
289,,tropical medicine,31050607,Tropical medicine,5,,,
290,,urban studies,31051085,Urban studies (Planning and development),5,,,
291,,urology & nephrology,,,,,,
292,,urology nephrology,31050467,Urology and nephrology,5,,,
293,,veterinary sciences,31050851,Veterinary science,4,,,
294,,virology,31048816,Virology,5,,,
295,,water resources,31048690,Water resources,5,,,
296,,women's studies,31051019,Women and gender studies,6,,,
297,,zoology,31048933,Zoology,6,,,